site,date,genus,species,species_id,individual,water_potential,stipe_length_cm,stipe_length_mm,temp,pressure_head_height_cm,reservoir_height_cm,file_name,back_first_initial,back_first_final,flow_initial,flow_final,back_second_initial,back_second_final
las_cruces,7/8/2018,diplazium,prominulum,dippro,1,0,10,100,22.3,66.6,4.3,,165,305,335,450,800,870
las_cruces,7/8/2018,diplazium,prominulum,dippro,1,0.5,9.8,98,24.1,66.3,4.2,,50,120,200,255,675,750
las_cruces,7/8/2018,diplazium,prominulum,dippro,1,1,9.6,96,25,66,4.3,,90,150,220,280,400,460
las_cruces,7/8/2018,diplazium,prominulum,dippro,1,1.5,9.4,94,25.2,65.8,4.3,,30,90,280,340,580,640
las_cruces,7/8/2018,diplazium,prominulum,dippro,2,0,10,100,23.4,66.5,4.3,,90,150,490,550,850,910
las_cruces,7/8/2018,diplazium,prominulum,dippro,2,0.25,9.8,98,24.6,66.1,4.2,,170,230,330,390,640,700
las_cruces,7/8/2018,diplazium,prominulum,dippro,2,0.5,9.6,96,24.9,65.9,4.3,,40,100,280,340,600,660
las_cruces,7/8/2018,diplazium,prominulum,dippro,2,0.75,9.4,94,25.4,65.6,4.3,,120,180,360,420,750,810
las_cruces,7/8/2018,diplazium,prominulum,dippro,2,1,9.2,92,26.1,65.4,4.2,,60,120,280,360,460,520
las_cruces,7/8/2018,diplazium,prominulum,dippro,2,1.25,9,90,26.2,65.1,4.2,,40,100,200,260,360,420
las_cruces,7/8/2018,diplazium,prominulum,dippro,2,1.5,8.8,88,26,64.8,4.3,,90,150,260,340,500,580
las_cruces,7/8/2018,diplazium,prominulum,dippro,4,0,10,100,26.9,64.5,4.2,,140,220,360,430,800,900
las_cruces,7/8/2018,diplazium,prominulum,dippro,4,0.5,9.8,98,27,64.2,4.1,,40,120,220,300,400,500
las_cruces,7/8/2018,diplazium,prominulum,dippro,4,1,9.6,96,26.9,64,4,,30,120,180,280,480,580
las_cruces,7/8/2018,diplazium,prominulum,dippro,4,1.5,9.4,94,26.2,63.7,4.1,,30,100,250,310,660,760
las_cruces,7/8/2018,diplazium,prominulum,dippro,5,0,10,100,27,64.3,4,,80,160,360,440,520,580
las_cruces,7/8/2018,diplazium,prominulum,dippro,5,0.5,9.8,98,27,64,4,,180,280,420,500,580,670
las_cruces,7/8/2018,diplazium,prominulum,dippro,5,1,9.6,96,26.9,64,4,,80,140,180,260,440,520
las_cruces,7/8/2018,diplazium,prominulum,dippro,5,1.5,9.4,94,25.2,63.5,4.1,,60,120,260,340,480,540
las_cruces,7/8/2018,diplazium,prominulum,dippro,6,0,10,100,23.1,69.5,4.2,,40,100,150,210,440,500
las_cruces,7/8/2018,diplazium,prominulum,dippro,6,0.5,9.8,98,23.2,69.1,4.2,,150,210,300,360,535,595
las_cruces,7/8/2018,diplazium,prominulum,dippro,6,1,9.6,96,24.1,68.7,4.2,,160,220,400,460,660,720
las_cruces,7/8/2018,diplazium,prominulum,dippro,6,1.5,9.4,94,24.1,68.3,4.3,,80,140,190,250,480,540
las_cruces,7/8/2018,diplazium,prominulum,dippro,7,0,10,100,24.5,63.2,4,,60,130,160,240,400,520
las_cruces,7/8/2018,diplazium,prominulum,dippro,7,0.5,9.8,98,24.5,63,4.2,,80,140,180,240,340,400
las_cruces,7/8/2018,diplazium,prominulum,dippro,7,1,9.6,96,24,62.6,4.1,,40,100,200,260,390,450
las_cruces,7/8/2018,diplazium,prominulum,dippro,7,1.5,9.4,94,24.1,62,4.1,,100,160,200,260,390,450
las_cruces,7/10/2018,dryopteris,patula,drypat,1,0,10,100,23.6,71.1,4.7,,410,470,640,700,820,880
las_cruces,7/10/2018,dryopteris,patula,drypat,1,0.5,9.8,98,24.3,70,4.7,,100,160,225,285,525,585
las_cruces,7/10/2018,dryopteris,patula,drypat,1,1,9.6,96,24.6,69.5,4.7,,230,290,440,500,585,645
las_cruces,7/10/2018,dryopteris,patula,drypat,1,1.5,9.4,94,24.9,69.2,4.5,,150,210,280,340,415,475
las_cruces,7/10/2018,dryopteris,patula,drypat,1,2,9.2,92,25.7,68.5,4.3,,230,300,350,410,580,640
las_cruces,7/10/2018,dryopteris,patula,drypat,2,0,10,100,23.9,70.6,4.6,,40,100,190,250,540,600
las_cruces,7/10/2018,dryopteris,patula,drypat,2,0.5,9.8,98,24.4,69.8,4.7,,140,200,300,360,470,530
las_cruces,7/10/2018,dryopteris,patula,drypat,2,1,9.6,96,24.8,69.4,4.5,,140,200,340,400,700,760
las_cruces,7/10/2018,dryopteris,patula,drypat,2,1.5,9.4,94,25.2,68.9,4.4,,110,170,280,340,415,475
las_cruces,7/10/2018,dryopteris,patula,drypat,2,2,9.2,92,26.1,68.4,4.4,,100,160,190,250,340,400
las_cruces,7/10/2018,dryopteris,patula,drypat,3,0,10,100,26.8,67.6,4.7,,295,355,410,480,625,700
las_cruces,7/10/2018,dryopteris,patula,drypat,3,0.5,9.8,98,25.2,66.4,4.3,,170,230,270,330,410,470
las_cruces,7/10/2018,dryopteris,patula,drypat,3,1,9.6,96,25.2,65.7,4.3,,80,140,180,240,325,385
las_cruces,7/10/2018,dryopteris,patula,drypat,3,1.5,9.4,94,24.8,65.3,4.3,,75,135,180,240,320,380
las_cruces,7/10/2018,dryopteris,patula,drypat,3,2,9.2,92,24.5,64.9,4.3,,100,160,300,360,440,500
las_cruces,7/10/2018,dryopteris,patula,drypat,4,0,10,100,25.9,66.9,4.5,,790,850,960,1025,1120,1180
las_cruces,7/10/2018,dryopteris,patula,drypat,4,0.5,9.8,98,25.2,65.8,4.3,,120,180,220,280,350,410
las_cruces,7/10/2018,dryopteris,patula,drypat,4,1,9.6,96,24.9,65.5,4.3,,80,140,240,300,415,475
las_cruces,7/10/2018,dryopteris,patula,drypat,4,1.5,9.4,94,24.7,65,4.1,,110,170,300,370,475,535
las_cruces,7/10/2018,dryopteris,patula,drypat,4,2,9.2,92,24.5,64.3,4.2,,290,350,390,450,520,590
las_cruces,7/10/2018,dryopteris,patula,drypat,5,0,10,100,24.5,64.1,4.2,,90,150,195,255,325,385
las_cruces,7/10/2018,dryopteris,patula,drypat,5,0.5,9.8,98,24.3,63.5,4.4,,75,135,235,300,530,600
las_cruces,7/10/2018,dryopteris,patula,drypat,5,1,9.6,96,24.2,63.2,4.3,,70,130,230,295,365,425
las_cruces,7/10/2018,dryopteris,patula,drypat,5,1.5,9.4,94,23.8,62.3,4.4,,130,190,225,285,360,420
las_cruces,7/10/2018,dryopteris,patula,drypat,5,2,9.2,92,23.7,61.9,4.3,,100,160,205,265,360,420
las_cruces,7/10/2018,dryopteris,patula,drypat,6,0,10,100,24.3,63.8,4.3,,130,190,320,390,495,560
las_cruces,7/10/2018,dryopteris,patula,drypat,6,0.5,9.8,98,24.3,63.3,4.3,,70,130,165,225,290,355
las_cruces,7/10/2018,dryopteris,patula,drypat,6,1,9.6,96,24.1,62.6,4.3,,115,175,280,345,470,530
las_cruces,7/10/2018,dryopteris,patula,drypat,6,1.5,9.4,94,23.8,62.1,4.3,,155,215,245,305,365,425
las_cruces,7/10/2018,dryopteris,patula,drypat,6,2,9.2,92,23.6,61.7,4.3,,290,355,385,445,535,595
las_cruces,7/17/2018,lomariopsis,maxonii,lommax,1,0,10,100,24.2,72.1,4.3,,160,220,255,315,375,435
las_cruces,7/17/2018,lomariopsis,maxonii,lommax,1,0.5,9.8,98,24.1,71.4,4.2,,130,190,235,295,395,455
las_cruces,7/17/2018,lomariopsis,maxonii,lommax,1,1,9.6,96,24.3,71.2,4.2,,40,100,135,195,275,335
las_cruces,7/17/2018,lomariopsis,maxonii,lommax,1,1.5,9.4,94,24.7,70.3,4.2,,45,105,155,215,285,345
las_cruces,7/17/2018,lomariopsis,maxonii,lommax,1,2,9.2,92,24.7,69.7,4.2,,60,120,145,205,300,360
las_cruces,7/17/2018,lomariopsis,maxonii,lommax,1,2.5,9,90,25.1,68.9,4.2,,100,160,165,225,380,440
las_cruces,7/17/2018,lomariopsis,maxonii,lommax,1,3,8.8,88,25.9,68.5,4.2,,140,200,300,360,420,480
las_cruces,7/17/2018,lomariopsis,maxonii,lommax,2,0,10,100,24.3,71.7,4.4,,205,265,360,425,480,540
las_cruces,7/17/2018,lomariopsis,maxonii,lommax,3,0,10,100,24.7,71,4.3,,185,245,285,345,445,505
las_cruces,7/17/2018,lomariopsis,maxonii,lommax,3,0.5,9.8,98,24.7,70.1,4.3,,75,135,245,310,510,570
las_cruces,7/17/2018,lomariopsis,maxonii,lommax,3,1,9.6,96,24.8,69.3,4.3,,125,185,235,295,450,510
las_cruces,7/17/2018,lomariopsis,maxonii,lommax,3,1.5,9.4,94,25.5,68.8,4.3,,45,105,200,260,330,390
las_cruces,7/17/2018,lomariopsis,maxonii,lommax,3,2,9.2,92,26.2,68.1,4.3,,60,120,165,225,300,360
las_cruces,7/17/2018,lomariopsis,maxonii,lommax,3,2.5,9,90,25.2,67.4,4.3,,105,165,240,300,395,455
las_cruces,7/17/2018,lomariopsis,maxonii,lommax,3,3,8.8,88,24.9,66.9,4.2,,7,70,90,170,320,380
las_cruces,7/17/2018,lomariopsis,maxonii,lommax,4,0,10,100,25.4,67.6,4.3,,110,170,200,260,395,455
las_cruces,7/17/2018,lomariopsis,maxonii,lommax,4,0.5,9.8,98,25.3,67.2,4.4,,115,175,230,290,460,520
las_cruces,7/17/2018,lomariopsis,maxonii,lommax,4,1,9.6,96,24.4,66.6,4.1,,200,260,310,370,500,560
las_cruces,7/17/2018,lomariopsis,maxonii,lommax,4,1.5,9.4,94,24.2,66.1,4.2,,140,200,235,285,355,415
las_cruces,7/17/2018,lomariopsis,maxonii,lommax,4,2,9.2,92,23.8,65.5,4.4,,65,125,185,245,460,520
las_cruces,7/17/2018,lomariopsis,maxonii,lommax,4,2.5,9,90,23.3,65,4.4,,120,180,205,265,340,400
las_cruces,7/17/2018,lomariopsis,maxonii,lommax,4,3,8.8,88,23.3,64.6,4.3,,260,320,350,410,510,570
las_cruces,7/17/2018,lomariopsis,maxonii,lommax,5,0,10,100,24.2,66.2,4.2,,235,295,375,435,495,555
las_cruces,7/17/2018,lomariopsis,maxonii,lommax,6,0,10,100,24,65.7,4.3,,90,150,235,295,390,450
las_cruces,7/17/2018,lomariopsis,maxonii,lommax,7,0,10,100,23.3,65.3,4.3,,185,245,340,400,565,625
las_cruces,7/11/2018,niphidium,crassifolium,nipcra,2,0,8,80,23.5,66.5,5.8,,10,80,150,210,320,380
las_cruces,7/11/2018,niphidium,crassifolium,nipcra,3,0,9,90,23.5,66.1,5.9,,300,380,430,500,670,740
las_cruces,7/11/2018,niphidium,crassifolium,nipcra,4,0,8.8,88,23.7,66.1,5.8,,120,200,290,350,520,580
las_cruces,7/11/2018,niphidium,crassifolium,nipcra,6,0,9,90,23.1,67.1,4.6,,280,340,390,450,630,690
las_cruces,7/11/2018,niphidium,crassifolium,nipcra,7,0,8,80,23.4,66.7,4.9,,1230,1290,1360,1420,1570,1630
las_cruces,7/11/2018,niphidium,crassifolium,nipcra,8,0,10,100,23,67.5,4.6,,250,310,420,485,580,640
las_cruces,7/18/2018,oleandra,costaricensis,olecos,2,0,10,100,23.3,63.8,4.3,,210,270,305,365,440,500
las_cruces,7/18/2018,oleandra,costaricensis,olecos,2,0.5,9.8,98,23.8,63.2,4.4,,135,195,220,280,450,510
las_cruces,7/18/2018,oleandra,costaricensis,olecos,2,1,9.6,96,24,62.8,4.3,,65,125,225,285,365,415
las_cruces,7/18/2018,oleandra,costaricensis,olecos,2,1.5,9.4,94,23.9,62.3,4.4,,145,205,265,325,490,550
las_cruces,7/18/2018,oleandra,costaricensis,olecos,2,2,9.2,92,24.3,61.9,4.4,,80,140,325,385,510,570
las_cruces,7/18/2018,oleandra,costaricensis,olecos,2,2.5,9,90,24.9,61.6,4.4,,90,150,185,245,475,535
las_cruces,7/18/2018,oleandra,costaricensis,olecos,3,0,10,100,23.5,63.6,4.4,,115,175,250,310,405,465
las_cruces,7/18/2018,oleandra,costaricensis,olecos,3,0.5,9.8,98,23.8,63,4.4,,140,200,340,400,525,585
las_cruces,7/18/2018,oleandra,costaricensis,olecos,3,1,9.6,96,24,62.5,4.4,,265,325,395,455,595,655
las_cruces,7/18/2018,oleandra,costaricensis,olecos,3,1.5,9.4,94,24,62.1,4.5,,140,200,265,325,525,585
las_cruces,7/18/2018,oleandra,costaricensis,olecos,3,2,9.2,92,24.6,61.7,4.3,,490,550,595,655,765,825
las_cruces,7/18/2018,oleandra,costaricensis,olecos,3,2.5,9,90,25.3,61.3,4.2,,590,650,680,740,875,935
las_cruces,7/18/2018,oleandra,costaricensis,olecos,4,0,7.8,78,25.5,61,4.2,,130,190,260,320,495,555
las_cruces,7/18/2018,oleandra,costaricensis,olecos,4,0.5,7.6,76,25.2,60.5,4.1,,460,520,540,600,665,725
las_cruces,7/18/2018,oleandra,costaricensis,olecos,4,1,7.4,74,25.3,60,4.2,,160,220,320,380,490,550
las_cruces,7/18/2018,oleandra,costaricensis,olecos,4,1.5,7.2,72,24.8,59.7,4.2,,125,185,330,390,450,510
las_cruces,7/18/2018,oleandra,costaricensis,olecos,4,2,7,70,24.4,59.3,4.2,,400,460,515,575,685,745
las_cruces,7/18/2018,oleandra,costaricensis,olecos,4,2.5,6.8,68,24.9,58.8,4.3,,145,205,225,285,445,505
las_cruces,7/18/2018,oleandra,costaricensis,olecos,6,0,8,80,24.4,58.3,4.3,,125,185,215,275,420,480
las_cruces,7/18/2018,oleandra,costaricensis,olecos,6,0.5,7.8,78,24.1,57.8,4.3,,55,115,155,215,355,415
las_cruces,7/18/2018,oleandra,costaricensis,olecos,6,1,7.6,76,23.6,57.4,4.2,,250,310,335,395,475,535
las_cruces,7/18/2018,oleandra,costaricensis,olecos,6,1.5,7.4,74,23.4,56.9,4.2,,105,165,285,345,445,505
las_cruces,7/18/2018,oleandra,costaricensis,olecos,6,2,7.2,72,23.1,56.5,4.2,,300,360,480,540,700,760
las_cruces,7/18/2018,oleandra,costaricensis,olecos,7,0,7.8,78,25.9,60.9,4.2,,100,160,185,245,395,455
las_cruces,7/18/2018,oleandra,costaricensis,olecos,7,0.5,7.6,76,25.2,60.3,4.3,,140,200,310,370,520,580
las_cruces,7/18/2018,oleandra,costaricensis,olecos,7,1,7.4,74,25,59.8,4.2,,105,165,300,360,485,545
las_cruces,7/18/2018,oleandra,costaricensis,olecos,7,1.5,7.2,72,24.7,59.6,4.2,,110,170,200,260,340,400
las_cruces,7/18/2018,oleandra,costaricensis,olecos,7,2,7,70,24.4,59,4.2,,200,260,285,345,,
las_cruces,7/18/2018,oleandra,costaricensis,olecos,7,2,7,70,24.4,59,4.2,B,,,,,470,530
las_cruces,7/18/2018,oleandra,costaricensis,olecos,7,2.5,6.8,68,24.9,58.5,4.3,,165,225,250,310,425,485
las_cruces,7/18/2018,oleandra,costaricensis,olecos,8,0,8.8,88,24.2,58.1,4.2,,165,225,250,310,430,490
las_cruces,7/18/2018,oleandra,costaricensis,olecos,8,0.5,8.6,86,23.8,57.4,4.3,,90,150,175,235,330,390
las_cruces,7/18/2018,oleandra,costaricensis,olecos,8,1,8.4,84,23.6,57,4.2,,185,245,300,360,505,565
las_cruces,7/18/2018,oleandra,costaricensis,olecos,8,1.5,8.2,82,23.1,56.6,4.2,,220,280,335,395,625,685
las_cruces,7/18/2018,oleandra,costaricensis,olecos,8,2,8,80,23,56.2,4.2,,250,310,330,390,545,605
las_cruces,7/18/2018,oleandra,costaricensis,olecos,8,2.5,7.8,78,22.9,55.4,4.3,,385,445,485,545,650,710
las_cruces,7/15/2018,olfersia,cervina,olfcer,2,0,11.4,114,24.6,61.3,4.7,,10,70,120,180,220,280
las_cruces,7/15/2018,olfersia,cervina,olfcer,2,0.5,11,110,24,61,5,,7,67,87,157,246,306
las_cruces,7/15/2018,olfersia,cervina,olfcer,2,1,10.7,107,24,60.7,4.8,,7,67,77,137,262,322
las_cruces,7/15/2018,olfersia,cervina,olfcer,2,1.5,10.5,105,23.9,60.5,5,,7,67,107,167,290,350
las_cruces,7/15/2018,olfersia,cervina,olfcer,2,2,10,100,23.5,60.4,4.5,,7,67,100,160,252,312
las_cruces,7/15/2018,olfersia,cervina,olfcer,2,2.5,9.7,97,23.5,60.1,4.8,,60,120,120,180,280,340
las_cruces,7/15/2018,olfersia,cervina,olfcer,2,3,9.4,94,23.7,60,4.8,,7,67,180,240,320,380
las_cruces,7/15/2018,olfersia,cervina,olfcer,3,0,10,100,22.5,60.4,4.6,,200,260,300,360,445,505
las_cruces,7/15/2018,olfersia,cervina,olfcer,3,0.5,9.8,98,23.1,59.8,4.3,,175,235,265,325,420,480
las_cruces,7/15/2018,olfersia,cervina,olfcer,3,1,9.6,96,23.6,59.2,5,,40,100,170,250,390,450
las_cruces,7/15/2018,olfersia,cervina,olfcer,3,1.5,9.3,93,24.2,59.1,4.5,,100,160,190,260,380,450
las_cruces,7/15/2018,olfersia,cervina,olfcer,3,2,9.1,91,24.6,59,5,,315,390,420,490,610,670
las_cruces,7/15/2018,olfersia,cervina,olfcer,3,2.5,8.9,89,25,58.8,4.5,,150,220,255,310,375,435
las_cruces,7/15/2018,olfersia,cervina,olfcer,4,0,11.5,115,25.1,62.3,4.4,,165,225,330,410,560,620
las_cruces,7/15/2018,olfersia,cervina,olfcer,4,0.5,11.4,114,25.7,62,4.5,,115,170,220,300,440,500
las_cruces,7/15/2018,olfersia,cervina,olfcer,4,1,11.2,112,25.4,61.8,4.5,,95,165,170,230,390,470
las_cruces,7/15/2018,olfersia,cervina,olfcer,4,1.5,10.9,109,25.4,61.6,4.6,,7,67,157,217,275,335
las_cruces,7/15/2018,olfersia,cervina,olfcer,4,2,10.7,107,24.8,61.5,4.6,,5,65,85,145,195,255
las_cruces,7/15/2018,olfersia,cervina,olfcer,4,2.5,10.5,105,24.7,61.2,5,,60,120,160,220,300,360
las_cruces,7/15/2018,olfersia,cervina,olfcer,5,0,9.9,99,22.8,60,4.5,,230,295,310,370,485,545
las_cruces,7/15/2018,olfersia,cervina,olfcer,5,0.5,9.7,97,23.5,59.3,4.3,,75,135,205,265,425,485
las_cruces,7/15/2018,olfersia,cervina,olfcer,5,1,9.6,96,23.8,59.2,5,,30,100,115,180,385,450
las_cruces,7/15/2018,olfersia,cervina,olfcer,5,1.5,9.3,93,24.3,59,4.6,,270,330,400,480,770,850
las_cruces,7/15/2018,olfersia,cervina,olfcer,5,2,9.1,91,24.8,58.9,4.7,,115,175,200,270,340,410
las_cruces,7/15/2018,olfersia,cervina,olfcer,5,2.5,8.9,89,25.4,58.7,5.5,,150,210,265,335,390,460
las_cruces,7/15/2018,olfersia,cervina,olfcer,5,3,8.3,83,25.5,62.4,4.3,,42,102,130,215,375,440
las_cruces,7/15/2018,olfersia,cervina,olfcer,6,0,11.3,113,24,61.1,5.1,,5,65,95,155,307,367
las_cruces,7/15/2018,olfersia,cervina,olfcer,6,0.5,11.1,111,24,60.8,4.8,,7,67,90,150,300,360
las_cruces,7/15/2018,olfersia,cervina,olfcer,6,1,10.8,108,23.7,60.7,4.7,,71,131,160,220,336,396
las_cruces,7/15/2018,olfersia,cervina,olfcer,6,1.5,10.5,105,23.9,60.5,4.5,,7,67,140,200,272,332
las_cruces,7/15/2018,olfersia,cervina,olfcer,6,2,10.2,102,23.5,60.3,4.7,,7,67,120,180,340,400
las_cruces,7/15/2018,olfersia,cervina,olfcer,6,2.5,9.9,99,23.5,60,4.5,,7,67,90,150,256,316
las_cruces,7/15/2018,olfersia,cervina,olfcer,7,0,11.4,114,25.4,62,4.5,,50,110,120,200,360,430
las_cruces,7/15/2018,olfersia,cervina,olfcer,7,0.5,11.1,111,25.8,62,4.5,,204,270,300,360,530,600
las_cruces,7/15/2018,olfersia,cervina,olfcer,7,1,10.8,108,25.3,61.8,4.4,,222,282,310,370,480,540
las_cruces,7/15/2018,olfersia,cervina,olfcer,7,1.5,10.5,105,25,61.5,4.6,,20,80,150,210,234,294
las_cruces,7/15/2018,olfersia,cervina,olfcer,7,2,10.4,104,24.8,61.4,4.8,,7,67,103,163,280,340
las_cruces,7/7/2018,parapolystichum,excultum,parexc,1,0,9.9,99,22.1,60,4.2,,60,120,210,270,460,520
las_cruces,7/7/2018,parapolystichum,excultum,parexc,1,0.5,9.8,98,22.4,59.7,4.1,,60,120,300,360,460,520
las_cruces,7/7/2018,parapolystichum,excultum,parexc,1,1,9.7,97,22,59.4,4.1,,40,100,240,320,460,520
las_cruces,7/7/2018,parapolystichum,excultum,parexc,1,1.5,9.6,96,22.4,59,4.1,,100,150,220,340,490,550
las_cruces,7/7/2018,parapolystichum,excultum,parexc,1,2,9.5,95,22.6,58.3,4.2,,80,140,200,260,550,610
las_cruces,7/7/2018,parapolystichum,excultum,parexc,2,0,10,100,22.2,59.8,4.2,,150,210,400,460,600,660
las_cruces,7/7/2018,parapolystichum,excultum,parexc,2,0.5,9.9,99,22.2,59.5,4.2,,90,150,360,440,560,660
las_cruces,7/7/2018,parapolystichum,excultum,parexc,2,1,9.8,98,22.4,59.1,4.2,,50,110,260,340,460,520
las_cruces,7/7/2018,parapolystichum,excultum,parexc,2,1.5,9.7,97,22.1,58.9,4.2,,70,150,220,300,800,860
las_cruces,7/7/2018,parapolystichum,excultum,parexc,2,2,9.6,96,22.3,58.2,4.2,,100,160,200,280,360,440
las_cruces,7/7/2018,parapolystichum,excultum,parexc,4,0,10,100,23,69.6,4.1,,130,200,390,450,660,740
las_cruces,7/7/2018,parapolystichum,excultum,parexc,4,0.5,9.8,98,23.2,69.3,4.2,,30,100,240,300,400,470
las_cruces,7/7/2018,parapolystichum,excultum,parexc,4,1,9.6,96,24.1,68.7,4.3,,100,200,300,400,700,800
las_cruces,7/7/2018,parapolystichum,excultum,parexc,4,1.5,9.4,94,24.1,68.5,4.2,,70,150,350,450,800,900
las_cruces,7/7/2018,parapolystichum,excultum,parexc,4,2,9.2,92,23.9,68.1,4.2,,100,160,400,480,630,690
las_cruces,7/7/2018,parapolystichum,excultum,parexc,4,2.5,9,90,23.8,67.9,4.3,,130,200,330,390,640,700
las_cruces,7/7/2018,parapolystichum,excultum,parexc,6,0,10,100,23.1,69.5,4.2,,160,220,380,480,680,740
las_cruces,7/7/2018,parapolystichum,excultum,parexc,6,0.5,9.8,98,23.2,69.1,4.2,,60,140,340,420,600,700
las_cruces,7/7/2018,parapolystichum,excultum,parexc,6,1,9.6,96,24.1,68.7,4.2,,40,120,160,240,380,460
las_cruces,7/7/2018,parapolystichum,excultum,parexc,6,1.5,9.4,94,24.1,68.3,4.3,,170,230,250,310,470,530
las_cruces,7/7/2018,parapolystichum,excultum,parexc,6,2,9.2,92,23.7,68,4.3,,80,140,160,220,325,385
las_cruces,7/7/2018,parapolystichum,excultum,parexc,6,2.5,9,90,23.7,67.8,4.3,,40,100,200,260,420,480
las_cruces,7/14/2018,parapolystichum,excultum,parexc,8,0,10,100,26,63.6,4.9,,160,220,260,320,420,480
las_cruces,7/14/2018,parapolystichum,excultum,parexc,8,0.5,9.8,98,25.7,63.3,4.7,,55,115,235,295,355,415
las_cruces,7/14/2018,parapolystichum,excultum,parexc,8,1,9.6,96,25.8,62.8,5,,45,105,135,195,255,315
las_cruces,7/14/2018,parapolystichum,excultum,parexc,8,1.5,9.4,94,25.8,62.4,4.7,,80,140,165,225,285,345
las_cruces,7/14/2018,parapolystichum,excultum,parexc,8,2,9.2,92,25.6,62.1,4.5,,120,200,295,355,445,505
las_cruces,7/14/2018,parapolystichum,excultum,parexc,8,2.5,9,90,25.2,61,4.6,,530,595,630,690,785,845
las_cruces,7/9/2018,parapolystichum,excultum,parexc,9,0,10,100,26.1,60.3,4.1,,150,210,250,310,445,505
las_cruces,7/9/2018,parapolystichum,excultum,parexc,9,0.5,9.8,98,27,59.8,4,,140,200,340,400,500,560
las_cruces,7/9/2018,parapolystichum,excultum,parexc,9,1,9.6,96,25.6,59.4,4.1,,160,220,270,330,440,500
las_cruces,7/9/2018,parapolystichum,excultum,parexc,9,1.5,9.4,94,25.9,58.5,4.1,,125,185,225,285,395,455
las_cruces,7/9/2018,parapolystichum,excultum,parexc,9,2,9.2,92,25.5,57.5,4.7,,225,285,360,420,530,590
las_cruces,7/9/2018,parapolystichum,excultum,parexc,9,2.5,9,90,24.7,56.5,4.4,,210,270,320,380,500,560
las_cruces,7/9/2018,parapolystichum,excultum,parexc,10,0,9.9,99,26.7,60.2,4,,150,210,490,550,665,725
las_cruces,7/9/2018,parapolystichum,excultum,parexc,10,0.5,9.7,97,25.9,59.4,4,,145,205,250,310,425,485
las_cruces,7/9/2018,parapolystichum,excultum,parexc,10,1,9.5,95,25.5,58.9,4.2,,160,220,275,330,380,440
las_cruces,7/9/2018,parapolystichum,excultum,parexc,10,1.5,9.3,93,25.6,58.1,4.1,,240,300,340,400,500,560
las_cruces,7/9/2018,parapolystichum,excultum,parexc,10,2,9.1,91,25.2,57.3,4.7,,140,210,275,335,420,480
las_cruces,7/6/2018,serpocaulon,fraxinifolium,serfra,1,0,10,100,24,68.4,4,,20,80,120,200,730,790
las_cruces,7/6/2018,serpocaulon,fraxinifolium,serfra,1,0.5,10,100,24.1,67.8,4.5,,30,90,190,250,420,500
las_cruces,7/6/2018,serpocaulon,fraxinifolium,serfra,1,1,10,100,25,67.4,4.9,,240,340,480,550,680,760
las_cruces,7/6/2018,serpocaulon,fraxinifolium,serfra,1,1.5,10,100,24.7,67.1,5.1,,200,280,360,420,600,680
las_cruces,7/6/2018,serpocaulon,fraxinifolium,serfra,1,2,10,100,23.8,66.9,5,,120,260,330,390,560,660
las_cruces,7/6/2018,serpocaulon,fraxinifolium,serfra,1,2.5,10,100,24.4,65.9,4.8,,90,150,170,240,380,440
las_cruces,7/6/2018,serpocaulon,fraxinifolium,serfra,1,3,10,100,23.8,65.5,4.8,,70,130,160,220,350,410
las_cruces,7/6/2018,serpocaulon,fraxinifolium,serfra,2,0,10,100,24,67.9,4.5,,100,200,260,320,610,730
las_cruces,7/6/2018,serpocaulon,fraxinifolium,serfra,2,0.5,10,100,24.3,67.6,4.7,,160,280,340,420,650,710
las_cruces,7/6/2018,serpocaulon,fraxinifolium,serfra,2,1,10,100,25.3,67.3,4.9,,220,320,480,560,800,890
las_cruces,7/6/2018,serpocaulon,fraxinifolium,serfra,2,1.5,10,100,24.1,66.9,5,,210,300,440,520,660,760
las_cruces,7/6/2018,serpocaulon,fraxinifolium,serfra,2,2,10,100,23.8,66.8,5.1,,310,370,450,560,740,840
las_cruces,7/6/2018,serpocaulon,fraxinifolium,serfra,2,2.5,10,100,23.5,65.1,4.6,,60,120,150,210,280,350
las_cruces,7/6/2018,serpocaulon,fraxinifolium,serfra,2,3,10,100,22.4,64.7,4.5,,120,210,240,310,400,460
las_cruces,7/6/2018,serpocaulon,fraxinifolium,serfra,3,0,10,100,24.1,66.2,4.7,,160,220,300,360,610,710
las_cruces,7/6/2018,serpocaulon,fraxinifolium,serfra,3,0.5,9.9,99,24.2,65.8,4.8,,91,150,180,240,440,500
las_cruces,7/6/2018,serpocaulon,fraxinifolium,serfra,3,1,9.8,98,23.7,65.4,4.8,,200,280,300,360,430,500
las_cruces,7/6/2018,serpocaulon,fraxinifolium,serfra,3,1.5,9.7,97,23.4,65,4.6,,80,150,170,240,300,360
las_cruces,7/6/2018,serpocaulon,fraxinifolium,serfra,3,2,9.6,96,23.2,64.6,4.4,,70,140,190,260,350,450
las_cruces,7/6/2018,serpocaulon,fraxinifolium,serfra,3,2.5,9.5,95,22.3,64.3,4,,42,112,123,203,354,435
las_cruces,7/6/2018,serpocaulon,fraxinifolium,serfra,3,3,9.4,94,21.8,64.1,4.1,,190,270,310,380,440,500
las_cruces,7/6/2018,serpocaulon,fraxinifolium,serfra,6,0,10,100,24.4,66,4.7,,220,290,330,430,537,597
las_cruces,7/6/2018,serpocaulon,fraxinifolium,serfra,6,0.5,9.9,99,24.2,65.6,4.7,,110,170,220,300,400,460
las_cruces,7/6/2018,serpocaulon,fraxinifolium,serfra,6,1,9.8,98,23.6,65.2,4.6,,60,130,145,214,260,320
las_cruces,7/6/2018,serpocaulon,fraxinifolium,serfra,6,1.5,9.7,97,23.3,64.8,4.7,,42,109,125,200,290,370
las_cruces,7/6/2018,serpocaulon,fraxinifolium,serfra,6,2,9.6,96,22.2,64.4,4.1,,120,200,250,330,410,490
las_cruces,7/6/2018,serpocaulon,fraxinifolium,serfra,6,2.5,9.5,95,22.4,64.2,4.2,,60,180,260,360,460,520
las_cruces,7/6/2018,serpocaulon,fraxinifolium,serfra,6,3,9.4,94,21.4,64.1,4.2,,50,140,180,240,320,380
las_cruces,7/13/2018,serpocaulon,fraxinifolium,serfra,9,0,10,100,25.3,69.4,4.6,13July2018_SFrax9_0.0MPa.csv,55,115,185,245,325,385
las_cruces,7/13/2018,serpocaulon,fraxinifolium,serfra,9,0.5,9.8,98,25.8,69.1,4.5,13July2018_SFrax9_0.5MPa.csv,75,135,155,215,265,325
las_cruces,7/13/2018,serpocaulon,fraxinifolium,serfra,9,1,9.6,96,25.8,48.7,4.5,13July2018_SFrax9_1.0MPa.csv,85,145,185,245,295,355
las_cruces,7/13/2018,serpocaulon,fraxinifolium,serfra,9,1.5,9.4,94,25.9,68.3,4.6,13July2018_SFrax9_1.5MPa.csv,80,140,175,235,285,345
las_cruces,7/13/2018,serpocaulon,fraxinifolium,serfra,9,2,9.2,92,26.4,67.7,5.2,13July2018_SFrax9_2.0MPa.csv,210,270,315,375,495,555
las_cruces,7/13/2018,serpocaulon,fraxinifolium,serfra,9,2.5,9,90,26.5,65.7,5.1,13July2018_SFrax9_2.5MPa.csv,170,230,290,350,530,590
las_cruces,7/13/2018,serpocaulon,fraxinifolium,serfra,10,0,10,100,26.3,69.3,4.6,13July2018_SFrax10_0.0MPa.csv,100,160,175,235,295,355
las_cruces,7/13/2018,serpocaulon,fraxinifolium,serfra,10,0.5,9.8,98,26,68.8,4.6,13July2018_SFrax10_0.5MPa.csv,115,175,285,345,400,460
las_cruces,7/13/2018,serpocaulon,fraxinifolium,serfra,10,1,9.6,96,25.7,68.5,4.5,13July2018_SFrax10_1.0MPa.csv,55,115,135,195,265,325
las_cruces,7/13/2018,serpocaulon,fraxinifolium,serfra,10,1.5,9.4,94,26.1,68.3,4.5,13July2018_SFrax10_1.5MPa.csv,105,165,235,295,440,505
las_cruces,7/13/2018,serpocaulon,fraxinifolium,serfra,10,2,9.2,92,26.6,66.2,5.1,13July2018_SFrax10_2.0MPa.csv,60,120,200,260,330,390
las_cruces,7/13/2018,serpocaulon,fraxinifolium,serfra,10,2.5,9,90,25.8,65.3,5.1,13July2018_SFrax10_2.5MPa.csv,80,140,200,260,600,660
las_cruces,7/14/2018,serpocaulon,fraxinifolium,serfra,11,0,10,100,25.8,63.4,4.7,,170,230,285,345,435,495
las_cruces,7/14/2018,serpocaulon,fraxinifolium,serfra,11,0.5,9.8,98,25.7,63,4.7,,85,145,190,250,320,380
las_cruces,7/14/2018,serpocaulon,fraxinifolium,serfra,11,1,9.6,96,25.7,62.6,4.7,,120,180,235,295,360,420
las_cruces,7/14/2018,serpocaulon,fraxinifolium,serfra,11,1.5,9.4,94,25.5,62.1,4.6,,85,145,250,315,540,600
las_cruces,7/14/2018,serpocaulon,fraxinifolium,serfra,11,2,9.2,92,25.3,61.9,4.6,,155,215,275,335,490,555
las_cruces,7/14/2018,serpocaulon,fraxinifolium,serfra,11,2.5,9,90,25,60.7,4.7,,70,130,210,275,440,500
las_cruces,7/11/2018,serpocaulon,triseriale,sertri,1,0,10,100,23.4,65.9,4.2,,70,140,180,240,430,490
las_cruces,7/11/2018,serpocaulon,triseriale,sertri,1,0.5,9.8,98,23.6,65.7,4.8,,40,100,130,200,530,590
las_cruces,7/11/2018,serpocaulon,triseriale,sertri,1,1,9.6,96,24,65.3,4,,200,260,310,370,540,600
las_cruces,7/11/2018,serpocaulon,triseriale,sertri,1,1.5,9.4,94,24.3,65.1,4,,120,180,240,310,470,540
las_cruces,7/11/2018,serpocaulon,triseriale,sertri,1,2,9.2,92,24.1,64.9,4.2,,110,170,240,300,405,465
las_cruces,7/11/2018,serpocaulon,triseriale,sertri,2,0,10,100,23.6,65.8,4.8,,90,140,270,330,390,450
las_cruces,7/11/2018,serpocaulon,triseriale,sertri,2,0.5,9.8,98,24,66.6,5.4,,320,390,430,490,650,710
las_cruces,7/11/2018,serpocaulon,triseriale,sertri,2,1,9.6,96,24.1,65.3,4,,120,200,250,310,385,445
las_cruces,7/11/2018,serpocaulon,triseriale,sertri,2,1.5,9.4,94,24.1,65,4.2,,80,150,200,270,430,500
las_cruces,7/11/2018,serpocaulon,triseriale,sertri,2,2,9.2,92,24.2,64.8,4.2,,130,190,260,320,440,500
las_cruces,7/12/2018,serpocaulon,triseriale,sertri,3,0,10,100,23,63.2,3.8,,195,255,320,385,540,605
las_cruces,7/12/2018,serpocaulon,triseriale,sertri,3,0.5,9.8,98,23.6,62.8,3.8,,130,190,290,350,530,580
las_cruces,7/12/2018,serpocaulon,triseriale,sertri,3,1,9.6,96,24.3,62.1,3.7,,190,250,300,360,450,510
las_cruces,7/12/2018,serpocaulon,triseriale,sertri,3,1.5,9.4,94,25.2,61.8,4.1,,180,240,280,340,420,480
las_cruces,7/12/2018,serpocaulon,triseriale,sertri,3,2,9.2,92,26,61.1,3.7,,170,230,330,390,500,560
las_cruces,7/12/2018,serpocaulon,triseriale,sertri,3,2.5,9,90,27,61.1,3.5,,120,180,230,290,390,450
las_cruces,7/12/2018,serpocaulon,triseriale,sertri,4,0,11.9,119,23.3,63.1,3.8,,165,230,270,330,580,640
las_cruces,7/12/2018,serpocaulon,triseriale,sertri,4,0.5,11.7,117,24.1,62.4,3.9,,250,350,430,520,630,700
las_cruces,7/12/2018,serpocaulon,triseriale,sertri,4,1,11.5,115,24.8,62,3.8,,130,190,240,300,415,475
las_cruces,7/12/2018,serpocaulon,triseriale,sertri,4,1.5,11.3,113,25.8,61.4,3.6,,100,160,250,310,410,470
las_cruces,7/12/2018,serpocaulon,triseriale,sertri,4,2,11.1,111,26.5,61.1,3.4,,150,210,400,460,560,620
las_cruces,7/12/2018,serpocaulon,triseriale,sertri,4,2.5,10.9,109,26.9,60.5,3.5,,100,160,260,320,460,520
las_cruces,7/12/2018,serpocaulon,triseriale,sertri,5,0,10,100,26,60.3,4.1,,130,195,230,290,400,460
las_cruces,7/12/2018,serpocaulon,triseriale,sertri,5,0.5,9.8,98,26,59.7,4.6,,80,145,170,230,320,385
las_cruces,7/12/2018,serpocaulon,triseriale,sertri,5,1,9.6,96,25.9,59.3,4.7,,130,195,230,290,395,455
las_cruces,7/12/2018,serpocaulon,triseriale,sertri,5,1.5,9.3,93,25.7,58.9,4.4,,85,145,200,260,355,405
las_cruces,7/12/2018,serpocaulon,triseriale,sertri,5,2,9.1,91,26,58.6,4.4,,110,170,240,305,365,425
las_cruces,7/12/2018,serpocaulon,triseriale,sertri,5,2.5,8.8,88,26.2,58.1,4.4,,120,180,225,285,375,435
las_cruces,7/12/2018,serpocaulon,triseriale,sertri,6,0,10,100,26,60.1,4.7,,100,160,235,295,370,430
las_cruces,7/12/2018,serpocaulon,triseriale,sertri,6,0.5,9.8,98,25.5,59.6,4.7,,135,195,240,300,365,425
las_cruces,7/12/2018,serpocaulon,triseriale,sertri,6,1,9.6,96,26,59.1,4.4,,100,160,190,250,335,395
las_cruces,7/12/2018,serpocaulon,triseriale,sertri,6,1.5,9.3,93,25.7,58.7,4.3,,95,155,250,315,395,455
las_cruces,7/12/2018,serpocaulon,triseriale,sertri,6,2,9.1,91,26.1,58.4,4.3,,145,210,240,300,385,445
las_cruces,7/12/2018,serpocaulon,triseriale,sertri,6,2.5,8.8,88,25.8,57.9,4.3,,50,110,220,285,375,435
