site,species,plant_no,wet_weight_g,psi_bars
la_selva,asplenium_auritum,1,0.8863,2
la_selva,asplenium_auritum,1,0.8785,2.4
la_selva,asplenium_auritum,1,0.8776,2.8
la_selva,asplenium_auritum,1,0.875,2.9
la_selva,asplenium_auritum,1,0.8698,4
la_selva,asplenium_auritum,1,0.8704,5
la_selva,asplenium_auritum,1,0.8681,6.5
la_selva,asplenium_auritum,1,0.8661,6.5
la_selva,asplenium_auritum,1,0.8589,8
la_selva,asplenium_auritum,1,0.8493,9.9
la_selva,asplenium_auritum,1,0.8325,10.2
la_selva,asplenium_auritum,1,0.8258,11.1
la_selva,asplenium_auritum,3,1.1602,1.9
la_selva,asplenium_auritum,3,1.1526,2
la_selva,asplenium_auritum,3,1.1487,2.1
la_selva,asplenium_auritum,3,1.1418,2.3
la_selva,asplenium_auritum,3,1.1309,2.9
la_selva,asplenium_auritum,3,1.1201,4
la_selva,asplenium_auritum,3,1.1185,7.1
la_selva,asplenium_auritum,3,1.1005,9
la_selva,asplenium_auritum,3,1.0969,12.2
la_selva,asplenium_auritum,3,1.0737,13
la_selva,asplenium_auritum,3,1.0567,13
la_selva,asplenium_auritum,4,0.6821,1
la_selva,asplenium_auritum,4,0.678,1.5
la_selva,asplenium_auritum,4,0.6699,2.1
la_selva,asplenium_auritum,4,0.6572,2
la_selva,asplenium_auritum,4,0.6469,2
la_selva,asplenium_auritum,4,0.6361,3.1
la_selva,asplenium_auritum,4,0.6203,6
la_selva,asplenium_auritum,4,0.6091,6.9
la_selva,asplenium_auritum,4,0.6002,8
la_selva,asplenium_auritum,4,0.5875,8.8
la_selva,asplenium_auritum,4,0.5761,9
la_selva,asplenium_auritum,5,1.37,1.8
la_selva,asplenium_auritum,5,1.3381,2
la_selva,asplenium_auritum,5,1.3271,2.3
la_selva,asplenium_auritum,5,1.3148,2.6
la_selva,asplenium_auritum,5,1.3052,5
la_selva,asplenium_auritum,5,1.2598,12.1
la_selva,asplenium_auritum,5,1.2388,14
la_selva,asplenium_auritum,5,1.2232,14.9
la_selva,asplenium_auritum,6,1.3042,1.8
la_selva,asplenium_auritum,6,1.2971,2.2
la_selva,asplenium_auritum,6,1.2906,2.6
la_selva,asplenium_auritum,6,1.2826,2.8
la_selva,asplenium_auritum,6,1.2575,2.9
la_selva,asplenium_auritum,6,1.242,2.9
la_selva,asplenium_auritum,6,1.2147,3.5
la_selva,asplenium_auritum,6,1.1862,5.9
la_selva,asplenium_auritum,6,1.163,6.8
la_selva,asplenium_auritum,6,1.148,7
la_selva,asplenium_auritum,6,1.111,7.8
la_selva,asplenium_auritum,6,1.0857,8.8
la_selva,asplenium_auritum,2,0.8185,2.58
la_selva,asplenium_auritum,2,0.8109,8
la_selva,asplenium_auritum,2,0.8095,8.1
la_selva,asplenium_auritum,2,0.8065,8.4
la_selva,asplenium_auritum,2,0.8007,10.5
la_selva,asplenium_auritum,2,0.7926,11.7
la_selva,asplenium_auritum,2,0.7785,12.7
la_selva,asplenium_juglandifolia,1,1.5324,0.1
la_selva,asplenium_juglandifolia,1,1.5252,1
la_selva,asplenium_juglandifolia,1,1.5184,1
la_selva,asplenium_juglandifolia,1,1.5152,1.5
la_selva,asplenium_juglandifolia,1,1.5109,2
la_selva,asplenium_juglandifolia,1,1.5062,2
la_selva,asplenium_juglandifolia,1,1.4986,3.9
la_selva,asplenium_juglandifolia,1,1.4912,4.9
la_selva,asplenium_juglandifolia,1,1.4865,5.2
la_selva,asplenium_juglandifolia,1,1.4711,7
la_selva,asplenium_juglandifolia,1,1.4631,7
la_selva,asplenium_juglandifolia,1,1.4521,8
la_selva,asplenium_juglandifolia,1,1.4396,8.9
la_selva,asplenium_juglandifolia,1,1.4213,10.5
la_selva,asplenium_juglandifolia,1,1.4054,12
la_selva,asplenium_juglandifolia,1,1.346,12.1
la_selva,asplenium_juglandifolia,1,1.1806,14.9
la_selva,asplenium_juglandifolia,2,1.0859,1.9
la_selva,asplenium_juglandifolia,2,1.0822,3
la_selva,asplenium_juglandifolia,2,1.0777,4.2
la_selva,asplenium_juglandifolia,2,1.0716,6
la_selva,asplenium_juglandifolia,2,1.0664,6.9
la_selva,asplenium_juglandifolia,2,1.076,7.2
la_selva,asplenium_juglandifolia,2,1.0816,8.9
la_selva,asplenium_juglandifolia,2,1.0725,11.3
la_selva,asplenium_juglandifolia,2,1.0452,10.5
la_selva,asplenium_juglandifolia,2,1.0121,12.2
la_selva,asplenium_juglandifolia,2,0.9481,16.1
la_selva,asplenium_juglandifolia,3,1.4901,0.7
la_selva,asplenium_juglandifolia,3,1.4856,0.7
la_selva,asplenium_juglandifolia,3,1.4811,1.3
la_selva,asplenium_juglandifolia,3,1.4743,2
la_selva,asplenium_juglandifolia,3,1.4673,2.6
la_selva,asplenium_juglandifolia,3,1.4556,3.9
la_selva,asplenium_juglandifolia,3,1.4462,5.1
la_selva,asplenium_juglandifolia,3,1.4334,6
la_selva,asplenium_juglandifolia,3,1.4226,8.9
la_selva,asplenium_juglandifolia,3,1.4131,12
la_selva,asplenium_juglandifolia,3,1.4013,11
la_selva,asplenium_juglandifolia,3,1.3498,13.2
la_selva,asplenium_juglandifolia,3,1.2969,15.1
la_selva,asplenium_juglandifolia,4,0.7884,12.4
la_selva,asplenium_juglandifolia,4,0.7779,2.4
la_selva,asplenium_juglandifolia,4,0.7733,3
la_selva,asplenium_juglandifolia,4,0.7666,4
la_selva,asplenium_juglandifolia,4,0.766,5.5
la_selva,asplenium_juglandifolia,4,0.752,9.5
la_selva,asplenium_juglandifolia,4,0.7445,11.2
la_selva,asplenium_juglandifolia,4,0.7343,12.5
la_selva,asplenium_juglandifolia,4,0.726,13.9
la_selva,asplenium_juglandifolia,4,0.719,12.1
la_selva,asplenium_juglandifolia,4,0.7091,12.8
la_selva,asplenium_juglandifolia,4,0.6696,17
la_selva,asplenium_serratum,1,3.024,1
la_selva,asplenium_serratum,1,3.0103,1.5
la_selva,asplenium_serratum,1,2.9942,2.8
la_selva,asplenium_serratum,1,2.9786,4
la_selva,asplenium_serratum,1,2.9648,5.1
la_selva,asplenium_serratum,1,2.9525,6.5
la_selva,asplenium_serratum,1,2.9349,7.6
la_selva,asplenium_serratum,1,2.9191,8.5
la_selva,asplenium_serratum,1,2.9052,9.5
la_selva,asplenium_serratum,1,2.8767,10
la_selva,asplenium_serratum,1,2.838,10.8
la_selva,asplenium_serratum,2,2.1084,1.5
la_selva,asplenium_serratum,2,2.0968,2.7
la_selva,asplenium_serratum,2,2.0852,3.5
la_selva,asplenium_serratum,2,2.0773,5.2
la_selva,asplenium_serratum,2,2.066,6.4
la_selva,asplenium_serratum,2,2.0563,7.5
la_selva,asplenium_serratum,2,2.0486,8.4
la_selva,asplenium_serratum,2,2.0381,9.9
la_selva,asplenium_serratum,2,2.0269,11
la_selva,asplenium_serratum,2,2.0155,11.8
la_selva,asplenium_serratum,2,1.9818,12.6
la_selva,asplenium_serratum,2,1.953,15.4
la_selva,asplenium_serratum,3,2.4624,5
la_selva,asplenium_serratum,3,2.4484,6
la_selva,asplenium_serratum,3,2.441,7
la_selva,asplenium_serratum,3,2.4288,7.5
la_selva,asplenium_serratum,3,2.4162,9
la_selva,asplenium_serratum,3,2.4041,10
la_selva,asplenium_serratum,3,2.3935,11
la_selva,asplenium_serratum,3,2.3655,12
la_selva,asplenium_serratum,3,2.3568,12.2
la_selva,asplenium_serratum,3,2.3308,13
la_selva,asplenium_serratum,3,2.2746,15
la_selva,asplenium_serratum,4,1.6893,6
la_selva,asplenium_serratum,4,1.6838,8
la_selva,asplenium_serratum,4,1.6771,8.2
la_selva,asplenium_serratum,4,1.6722,11
la_selva,asplenium_serratum,4,1.6698,11
la_selva,asplenium_serratum,4,1.6433,12.9
la_selva,asplenium_serratum,4,1.6295,14
la_selva,asplenium_serratum,4,1.594,15.9
la_selva,asplenium_serratum,5,2.3622,2.5
la_selva,asplenium_serratum,5,2.3512,5.1
la_selva,asplenium_serratum,5,2.3412,6.8
la_selva,asplenium_serratum,5,2.3358,7.8
la_selva,asplenium_serratum,5,2.3255,8.3
la_selva,asplenium_serratum,5,2.319,9.6
la_selva,asplenium_serratum,5,2.3046,10.8
la_selva,asplenium_serratum,5,2.2866,13
la_selva,asplenium_serratum,6,3.9367,2.5
la_selva,asplenium_serratum,6,3.9252,2.8
la_selva,asplenium_serratum,6,3.9063,3.6
la_selva,asplenium_serratum,6,3.8855,5
la_selva,asplenium_serratum,6,3.8668,6
la_selva,asplenium_serratum,6,3.8503,8
la_selva,asplenium_serratum,6,3.8339,8
la_selva,asplenium_serratum,6,3.8181,8
la_selva,asplenium_serratum,6,3.7992,8.8
la_selva,asplenium_serratum,6,3.7454,10
la_selva,asplenium_serratum,6,3.7122,10.5
la_selva,asplenium_serratum,6,3.633,11
la_selva,blechnum_occidentale,1,1.596,7.3
la_selva,blechnum_occidentale,1,1.5886,9
la_selva,blechnum_occidentale,1,1.5867,10
la_selva,blechnum_occidentale,1,1.5838,12
la_selva,blechnum_occidentale,1,1.5788,12.9
la_selva,blechnum_occidentale,1,1.5692,12.9
la_selva,blechnum_occidentale,1,1.5562,14
la_selva,blechnum_occidentale,1,1.5507,14
la_selva,blechnum_occidentale,2,1.5925,5.4
la_selva,blechnum_occidentale,2,1.5811,8
la_selva,blechnum_occidentale,2,1.5759,10
la_selva,blechnum_occidentale,2,1.5735,10.2
la_selva,blechnum_occidentale,2,1.5666,11.3
la_selva,blechnum_occidentale,2,1.5583,12.8
la_selva,blechnum_occidentale,2,1.5547,13
la_selva,blechnum_occidentale,2,1.5293,13.8
la_selva,blechnum_occidentale,2,1.5131,14
la_selva,blechnum_occidentale,4,1.452,6.6
la_selva,blechnum_occidentale,4,1.4522,8.1
la_selva,blechnum_occidentale,4,1.4429,7.6
la_selva,blechnum_occidentale,4,1.4415,10
la_selva,blechnum_occidentale,4,1.4264,10.8
la_selva,blechnum_occidentale,4,1.4223,11.8
la_selva,blechnum_occidentale,4,1.4207,13
la_selva,blechnum_occidentale,4,1.2875,18.1
la_selva,blechnum_occidentale,5,1.4446,4.8
la_selva,blechnum_occidentale,5,1.4375,7.9
la_selva,blechnum_occidentale,5,1.4355,9.1
la_selva,blechnum_occidentale,5,1.4189,11.2
la_selva,blechnum_occidentale,5,1.4167,12.2
la_selva,blechnum_occidentale,5,1.4123,13.3
la_selva,blechnum_occidentale,5,1.4044,14.2
la_selva,blechnum_occidentale,6,1.7399,5.2
la_selva,blechnum_occidentale,6,1.7351,8.4
la_selva,blechnum_occidentale,6,1.7295,9.6
la_selva,blechnum_occidentale,6,1.7273,9.9
la_selva,blechnum_occidentale,6,1.7233,10.7
la_selva,blechnum_occidentale,6,1.7173,11
la_selva,blechnum_occidentale,6,1.713,12.5
la_selva,blechnum_occidentale,6,1.7114,12.7
la_selva,blechnum_occidentale,6,1.7035,14.2
la_selva,blechnum_occidentale,6,1.7,14.2
la_selva,campyloneurum_brevifolium,1,0.5556,2.8
la_selva,campyloneurum_brevifolium,1,0.5526,2.8
la_selva,campyloneurum_brevifolium,1,0.5458,3
la_selva,campyloneurum_brevifolium,1,0.5407,3.2
la_selva,campyloneurum_brevifolium,1,0.5388,3.8
la_selva,campyloneurum_brevifolium,1,0.5289,5.1
la_selva,campyloneurum_brevifolium,1,0.5217,6.7
la_selva,campyloneurum_brevifolium,1,0.5126,6.7
la_selva,campyloneurum_brevifolium,1,0.5029,7.9
la_selva,campyloneurum_brevifolium,1,0.4845,8.1
la_selva,campyloneurum_brevifolium,2,0.855,3.1
la_selva,campyloneurum_brevifolium,2,0.849,3.2
la_selva,campyloneurum_brevifolium,2,0.8472,5.6
la_selva,campyloneurum_brevifolium,2,0.8437,7
la_selva,campyloneurum_brevifolium,2,0.8418,7.9
la_selva,campyloneurum_brevifolium,2,0.8358,10.2
la_selva,campyloneurum_brevifolium,2,0.8252,13.5
la_selva,campyloneurum_brevifolium,2,0.8167,15
la_selva,campyloneurum_brevifolium,2,0.8055,15.8
la_selva,campyloneurum_brevifolium,3,1.7621,2.8
la_selva,campyloneurum_brevifolium,3,1.7589,3.8
la_selva,campyloneurum_brevifolium,3,1.7554,4.1
la_selva,campyloneurum_brevifolium,3,1.7522,6
la_selva,campyloneurum_brevifolium,3,1.7481,7
la_selva,campyloneurum_brevifolium,3,1.7422,8.2
la_selva,campyloneurum_brevifolium,3,1.7279,10.1
la_selva,campyloneurum_brevifolium,3,1.7199,12.4
la_selva,campyloneurum_brevifolium,3,1.7116,12.8
la_selva,campyloneurum_brevifolium,3,1.004,14.9
la_selva,campyloneurum_brevifolium,4,1.5827,2
la_selva,campyloneurum_brevifolium,4,1.5652,2.5
la_selva,campyloneurum_brevifolium,4,1.5504,2.9
la_selva,campyloneurum_brevifolium,4,1.5455,3.9
la_selva,campyloneurum_brevifolium,4,1.5335,7
la_selva,campyloneurum_brevifolium,4,1.5281,7.8
la_selva,campyloneurum_brevifolium,4,1.5199,9
la_selva,campyloneurum_brevifolium,4,1.503,11.8
la_selva,campyloneurum_brevifolium,4,1.4869,13
la_selva,campyloneurum_brevifolium,5,1.4538,2.8
la_selva,campyloneurum_brevifolium,5,1.4456,3.5
la_selva,campyloneurum_brevifolium,5,1.4399,5.1
la_selva,campyloneurum_brevifolium,5,1.4365,5.9
la_selva,campyloneurum_brevifolium,5,1.4307,6.8
la_selva,campyloneurum_brevifolium,5,1.4201,9
la_selva,campyloneurum_brevifolium,5,1.4169,9.2
la_selva,campyloneurum_brevifolium,5,1.4059,10.9
la_selva,campyloneurum_brevifolium,5,1.3758,13.1
la_selva,campyloneurum_brevifolium,5,1.3394,14
la_selva,cyclopeltis_semicordata,5,2.3193,15.1
la_selva,cyclopeltis_semicordata,2,1.8778,2.8
la_selva,cyclopeltis_semicordata,2,1.8305,5
la_selva,cyclopeltis_semicordata,2,1.7944,5.7
la_selva,cyclopeltis_semicordata,2,1.7594,7
la_selva,cyclopeltis_semicordata,2,1.7367,8.7
la_selva,cyclopeltis_semicordata,2,1.7104,12
la_selva,cyclopeltis_semicordata,2,1.6929,13.8
la_selva,cyclopeltis_semicordata,2,1.6563,15
la_selva,cyclopeltis_semicordata,2,1.582,16
la_selva,cyclopeltis_semicordata,3,1.618,4
la_selva,cyclopeltis_semicordata,3,1.6027,6.9
la_selva,cyclopeltis_semicordata,3,1.5914,10
la_selva,cyclopeltis_semicordata,3,1.5813,11
la_selva,cyclopeltis_semicordata,3,1.5667,11.2
la_selva,cyclopeltis_semicordata,3,1.5359,12.5
la_selva,cyclopeltis_semicordata,3,1.5019,14
la_selva,cyclopeltis_semicordata,3,1.4716,15
la_selva,cyclopeltis_semicordata,4,2.1634,4
la_selva,cyclopeltis_semicordata,4,2.1377,5.9
la_selva,cyclopeltis_semicordata,4,2.1257,8
la_selva,cyclopeltis_semicordata,4,2.1149,10
la_selva,cyclopeltis_semicordata,4,2.1034,11.7
la_selva,cyclopeltis_semicordata,4,2.0924,13
la_selva,cyclopeltis_semicordata,4,2.0784,13
la_selva,cyclopeltis_semicordata,4,2.0404,15
la_selva,cyclopeltis_semicordata,4,1.9764,16
la_selva,cyclopeltis_semicordata,4,1.9027,16.1
la_selva,cyclopeltis_semicordata,6,1.7434,2.6
la_selva,cyclopeltis_semicordata,6,1.7363,5
la_selva,cyclopeltis_semicordata,6,1.7266,6.2
la_selva,cyclopeltis_semicordata,6,1.7165,8.2
la_selva,cyclopeltis_semicordata,6,1.7066,8.8
la_selva,cyclopeltis_semicordata,6,1.697,9.8
la_selva,cyclopeltis_semicordata,6,1.6667,10
la_selva,cyclopeltis_semicordata,6,1.6326,10.9
la_selva,cyclopeltis_semicordata,6,1.5609,11.3
la_selva,cyclopeltis_semicordata,6,1.5168,12
la_selva,cyclopeltis_semicordata,6,1.505,12
la_selva,cyclopeltis_semicordata,7,1.3148,2.4
la_selva,cyclopeltis_semicordata,7,1.3011,3.8
la_selva,cyclopeltis_semicordata,7,1.2929,7
la_selva,cyclopeltis_semicordata,7,1.2857,10.3
la_selva,cyclopeltis_semicordata,7,1.2703,12.8
la_selva,cyclopeltis_semicordata,7,1.2478,14.9
la_selva,cyclopeltis_semicordata,7,1.1932,15
la_selva,diplazium_straitastrum,4,0.999,7.5
la_selva,diplazium_straitastrum,4,0.9804,11
la_selva,diplazium_straitastrum,4,0.9753,12
la_selva,diplazium_straitastrum,4,0.9598,13
la_selva,diplazium_straitastrum,4,0.9321,15
la_selva,diplazium_straitastrum,2,0.8095,7.5
la_selva,diplazium_straitastrum,2,0.8009,10.1
la_selva,diplazium_straitastrum,2,0.7937,11.5
la_selva,diplazium_straitastrum,2,0.7847,11.8
la_selva,diplazium_straitastrum,2,0.7759,12.1
la_selva,diplazium_straitastrum,2,0.697,13.8
la_selva,diplazium_straitastrum,1,1.5366,3.5
la_selva,diplazium_straitastrum,1,1.5195,4
la_selva,diplazium_straitastrum,1,1.7969,7
la_selva,diplazium_straitastrum,1,1.4756,8
la_selva,diplazium_straitastrum,1,1.4549,9.9
la_selva,diplazium_straitastrum,1,1.4297,10
la_selva,diplazium_straitastrum,1,1.3121,11.5
la_selva,diplazium_straitastrum,5,1.359,5
la_selva,diplazium_straitastrum,5,1.3345,5
la_selva,diplazium_straitastrum,5,1.3142,7
la_selva,diplazium_straitastrum,5,1.3058,8
la_selva,diplazium_straitastrum,5,1.2921,8.5
la_selva,diplazium_straitastrum,5,1.2362,11.5
la_selva,diplazium_straitastrum,5,1.1535,13
la_selva,diplazium_straitastrum,5,1.025,14
la_selva,diplazium_straitastrum,6,1.9226,3.9
la_selva,diplazium_straitastrum,6,1.9108,5
la_selva,diplazium_straitastrum,6,1.8212,10
la_selva,diplazium_straitastrum,6,1.7592,11
la_selva,diplazium_straitastrum,6,1.6889,12
la_selva,diplazium_straitastrum,6,1.4894,14
la_selva,elaphoglossum_amygdalifolium,1,0.6142,2
la_selva,elaphoglossum_amygdalifolium,1,0.6124,3.9
la_selva,elaphoglossum_amygdalifolium,1,0.6101,6
la_selva,elaphoglossum_amygdalifolium,1,0.6068,6.7
la_selva,elaphoglossum_amygdalifolium,1,0.6046,9.1
la_selva,elaphoglossum_amygdalifolium,1,0.6021,10.2
la_selva,elaphoglossum_amygdalifolium,1,0.5986,12.5
la_selva,elaphoglossum_amygdalifolium,1,0.597,15
la_selva,elaphoglossum_amygdalifolium,1,0.5961,16.9
la_selva,elaphoglossum_amygdalifolium,1,0.5903,19
la_selva,elaphoglossum_amygdalifolium,1,0.567,21.2
la_selva,elaphoglossum_amygdalifolium,1,0.5381,23
la_selva,elaphoglossum_amygdalifolium,2,1.1801,0.5
la_selva,elaphoglossum_amygdalifolium,2,1.176,2
la_selva,elaphoglossum_amygdalifolium,2,1.165,2.3
la_selva,elaphoglossum_amygdalifolium,2,1.1602,3
la_selva,elaphoglossum_amygdalifolium,2,1.1549,3.1
la_selva,elaphoglossum_amygdalifolium,2,1.1514,3.6
la_selva,elaphoglossum_amygdalifolium,2,1.1479,4.5
la_selva,elaphoglossum_amygdalifolium,2,1.1456,5
la_selva,elaphoglossum_amygdalifolium,2,1.1431,5.6
la_selva,elaphoglossum_amygdalifolium,2,1.1415,6.5
la_selva,elaphoglossum_amygdalifolium,2,1.1323,8.9
la_selva,elaphoglossum_amygdalifolium,2,1.1241,10
la_selva,elaphoglossum_amygdalifolium,2,1.1213,10.1
la_selva,elaphoglossum_amygdalifolium,2,1.1079,11
la_selva,elaphoglossum_amygdalifolium,2,1.0754,11.9
la_selva,elaphoglossum_amygdalifolium,2,1.0428,12.5
la_selva,elaphoglossum_amygdalifolium,2,1.0185,13
la_selva,elaphoglossum_amygdalifolium,3,0.5583,2.5
la_selva,elaphoglossum_amygdalifolium,3,0.556,2.5
la_selva,elaphoglossum_amygdalifolium,3,0.5549,3
la_selva,elaphoglossum_amygdalifolium,3,0.5516,3.5
la_selva,elaphoglossum_amygdalifolium,3,0.5509,4.6
la_selva,elaphoglossum_amygdalifolium,3,0.5492,6.6
la_selva,elaphoglossum_amygdalifolium,3,0.5457,10.5
la_selva,elaphoglossum_amygdalifolium,3,0.543,14.4
la_selva,elaphoglossum_amygdalifolium,3,0.5408,19.1
la_selva,elaphoglossum_amygdalifolium,3,0.5338,22
la_selva,elaphoglossum_amygdalifolium,4,0.5067,2.4
la_selva,elaphoglossum_amygdalifolium,4,0.5046,4.7
la_selva,elaphoglossum_amygdalifolium,4,0.5031,6.5
la_selva,elaphoglossum_amygdalifolium,4,0.5007,8.2
la_selva,elaphoglossum_amygdalifolium,4,0.498,10
la_selva,elaphoglossum_amygdalifolium,4,0.4938,11
la_selva,elaphoglossum_amygdalifolium,4,0.4905,11
la_selva,elaphoglossum_amygdalifolium,4,0.4796,11.6
la_selva,elaphoglossum_amygdalifolium,4,0.4679,12.3
la_selva,elaphoglossum_amygdalifolium,4,0.455,12.6
la_selva,elaphoglossum_amygdalifolium,4,0.4419,13
la_selva,elaphoglossum_amygdalifolium,5,0.5433,3
la_selva,elaphoglossum_amygdalifolium,5,0.5415,3
la_selva,elaphoglossum_amygdalifolium,5,0.5377,7.7
la_selva,elaphoglossum_amygdalifolium,5,0.5342,9.1
la_selva,elaphoglossum_amygdalifolium,5,0.5305,12.6
la_selva,elaphoglossum_amygdalifolium,5,0.5264,13.9
la_selva,elaphoglossum_amygdalifolium,5,0.5224,13.9
la_selva,elaphoglossum_amygdalifolium,5,0.5097,15
la_selva,elaphoglossum_amygdalifolium,5,0.4912,16.1
la_selva,elaphoglossum_amygdalifolium,5,0.4742,16.2
la_selva,elaphoglossum_amygdalifolium,5,0.4555,17.5
la_selva,elaphoglossum_amygdalifolium,6,0.465,0.5
la_selva,elaphoglossum_amygdalifolium,6,0.4598,3.6
la_selva,elaphoglossum_amygdalifolium,6,0.4584,3.3
la_selva,elaphoglossum_amygdalifolium,6,0.4546,5.6
la_selva,elaphoglossum_amygdalifolium,6,0.4517,12.2
la_selva,elaphoglossum_amygdalifolium,6,0.4505,13.6
la_selva,elaphoglossum_amygdalifolium,6,0.4471,15.1
la_selva,elaphoglossum_amygdalifolium,6,0.442,16
la_selva,elaphoglossum_amygdalifolium,6,0.4319,16.5
la_selva,elaphoglossum_amygdalifolium,6,0.4191,17
la_selva,elaphoglossum_amygdalifolium,6,0.4032,17.1
la_selva,elaphoglossum_herminieri,1,1.0551,1.5
la_selva,elaphoglossum_herminieri,1,1.0515,4
la_selva,elaphoglossum_herminieri,1,1.0501,5.6
la_selva,elaphoglossum_herminieri,1,1.0458,5.6
la_selva,elaphoglossum_herminieri,1,1.0457,7.5
la_selva,elaphoglossum_herminieri,1,1.0449,7.5
la_selva,elaphoglossum_herminieri,1,1.0418,7.8
la_selva,elaphoglossum_herminieri,1,1.038,9.8
la_selva,elaphoglossum_herminieri,1,1.0333,9.8
la_selva,elaphoglossum_herminieri,1,1.0279,13.9
la_selva,elaphoglossum_herminieri,1,1.0231,15.2
la_selva,elaphoglossum_herminieri,1,1.0181,15.2
la_selva,elaphoglossum_herminieri,1,1.0079,17.2
la_selva,elaphoglossum_herminieri,1,1.006,17.5
la_selva,elaphoglossum_herminieri,2,1.3471,2.8
la_selva,elaphoglossum_herminieri,2,1.3414,3.4
la_selva,elaphoglossum_herminieri,2,1.3358,5.1
la_selva,elaphoglossum_herminieri,2,1.3274,5.8
la_selva,elaphoglossum_herminieri,2,1.32,8.2
la_selva,elaphoglossum_herminieri,2,1.3123,10
la_selva,elaphoglossum_herminieri,2,1.3051,10.6
la_selva,elaphoglossum_herminieri,2,1.2945,11.9
la_selva,elaphoglossum_herminieri,2,1.2838,13.1
la_selva,elaphoglossum_herminieri,2,1.2751,13.1
la_selva,elaphoglossum_herminieri,2,1.2488,14.9
la_selva,elaphoglossum_herminieri,3,1.4763,2
la_selva,elaphoglossum_herminieri,3,1.4737,4.5
la_selva,elaphoglossum_herminieri,3,1.47,5
la_selva,elaphoglossum_herminieri,3,1.4683,5.6
la_selva,elaphoglossum_herminieri,3,1.465,5.9
la_selva,elaphoglossum_herminieri,3,1.4595,6.9
la_selva,elaphoglossum_herminieri,3,1.4575,8.8
la_selva,elaphoglossum_herminieri,3,1.453,9.1
la_selva,elaphoglossum_herminieri,3,1.4473,10.8
la_selva,elaphoglossum_herminieri,3,1.4441,11.5
la_selva,elaphoglossum_herminieri,3,1.4373,12.2
la_selva,elaphoglossum_herminieri,3,1.4325,14
la_selva,elaphoglossum_herminieri,3,1.4256,15.6
la_selva,elaphoglossum_herminieri,4,1.6297,2.5
la_selva,elaphoglossum_herminieri,4,1.6255,3.9
la_selva,elaphoglossum_herminieri,4,1.6184,4.9
la_selva,elaphoglossum_herminieri,4,1.6135,4.8
la_selva,elaphoglossum_herminieri,4,1.6074,5.2
la_selva,elaphoglossum_herminieri,4,1.5999,6.8
la_selva,elaphoglossum_herminieri,4,1.5935,8.9
la_selva,elaphoglossum_herminieri,4,1.585,9.8
la_selva,elaphoglossum_herminieri,4,1.5812,11.2
la_selva,elaphoglossum_herminieri,4,1.5746,11.2
la_selva,elaphoglossum_herminieri,4,1.564,11.9
la_selva,elaphoglossum_herminieri,4,1.5574,12.8
la_selva,elaphoglossum_herminieri,4,1.5477,13.2
la_selva,elaphoglossum_herminieri,5,1.6042,3.5
la_selva,elaphoglossum_herminieri,5,1.596,4.4
la_selva,elaphoglossum_herminieri,5,1.5899,5.6
la_selva,elaphoglossum_herminieri,5,1.5825,7
la_selva,elaphoglossum_herminieri,5,1.5761,8
la_selva,elaphoglossum_herminieri,5,1.5689,11.6
la_selva,elaphoglossum_herminieri,5,1.5615,12.7
la_selva,elaphoglossum_herminieri,5,1.5535,14.5
la_selva,elaphoglossum_herminieri,5,1.5392,16.8
la_selva,elaphoglossum_herminieri,6,1.4218,1
la_selva,elaphoglossum_herminieri,6,1.413,4.8
la_selva,elaphoglossum_herminieri,6,1.405,6.4
la_selva,elaphoglossum_herminieri,6,1.4006,7.2
la_selva,elaphoglossum_herminieri,6,1.3957,9.6
la_selva,elaphoglossum_herminieri,6,1.3947,9.6
la_selva,elaphoglossum_herminieri,6,1.3929,9.5
la_selva,elaphoglossum_herminieri,6,1.383,10.7
la_selva,elaphoglossum_herminieri,6,1.3805,11.5
la_selva,elaphoglossum_herminieri,6,1.3733,12.7
la_selva,elaphoglossum_herminieri,6,1.3766,13.7
la_selva,elaphoglossum_herminieri,6,1.3579,15.9
la_selva,elaphoglossum_herminieri,6,1.3528,19.9
la_selva,elaphoglossum_latifolium,1,0.927,2.5
la_selva,elaphoglossum_latifolium,1,0.9251,3
la_selva,elaphoglossum_latifolium,1,0.9233,4
la_selva,elaphoglossum_latifolium,1,0.9214,5
la_selva,elaphoglossum_latifolium,1,0.92,5.5
la_selva,elaphoglossum_latifolium,1,0.9194,7
la_selva,elaphoglossum_latifolium,1,0.9178,7
la_selva,elaphoglossum_latifolium,1,0.9124,9.8
la_selva,elaphoglossum_latifolium,1,0.9055,13.2
la_selva,elaphoglossum_latifolium,1,0.8969,14.4
la_selva,elaphoglossum_latifolium,1,0.8897,15.5
la_selva,elaphoglossum_latifolium,2,1.3083,1.5
la_selva,elaphoglossum_latifolium,2,1.3053,2.2
la_selva,elaphoglossum_latifolium,2,1.301,3.5
la_selva,elaphoglossum_latifolium,2,1.2981,4
la_selva,elaphoglossum_latifolium,2,1.295,4.5
la_selva,elaphoglossum_latifolium,2,1.2922,5
la_selva,elaphoglossum_latifolium,2,1.2895,5.5
la_selva,elaphoglossum_latifolium,2,1.2862,6
la_selva,elaphoglossum_latifolium,2,1.2836,7
la_selva,elaphoglossum_latifolium,2,1.2811,7
la_selva,elaphoglossum_latifolium,2,1.2705,9
la_selva,elaphoglossum_latifolium,2,1.265,10.2
la_selva,elaphoglossum_latifolium,2,1.2327,12.2
la_selva,elaphoglossum_latifolium,2,1.2209,12.2
la_selva,elaphoglossum_latifolium,2,1.2108,12.2
la_selva,elaphoglossum_latifolium,3,1.8262,2
la_selva,elaphoglossum_latifolium,3,1.8199,4.2
la_selva,elaphoglossum_latifolium,3,1.8166,5
la_selva,elaphoglossum_latifolium,3,1.8142,7.5
la_selva,elaphoglossum_latifolium,3,1.8136,9
la_selva,elaphoglossum_latifolium,3,1.8078,9.8
la_selva,elaphoglossum_latifolium,3,1.8054,10
la_selva,elaphoglossum_latifolium,3,1.8026,11
la_selva,elaphoglossum_latifolium,3,1.7979,13.4
la_selva,elaphoglossum_latifolium,3,1.788,15
la_selva,elaphoglossum_latifolium,4,1.7538,0.5
la_selva,elaphoglossum_latifolium,4,1.7464,2
la_selva,elaphoglossum_latifolium,4,1.7438,3.2
la_selva,elaphoglossum_latifolium,4,1.7398,3.8
la_selva,elaphoglossum_latifolium,4,1.7375,4
la_selva,elaphoglossum_latifolium,4,1.7342,5
la_selva,elaphoglossum_latifolium,4,1.7312,5
la_selva,elaphoglossum_latifolium,4,1.7284,6.5
la_selva,elaphoglossum_latifolium,4,1.7237,8
la_selva,elaphoglossum_latifolium,4,1.7191,9
la_selva,elaphoglossum_latifolium,4,1.7085,10.5
la_selva,elaphoglossum_latifolium,4,1.701,11.1
la_selva,elaphoglossum_latifolium,4,1.689,12
la_selva,elaphoglossum_latifolium,4,1.682,12.8
la_selva,elaphoglossum_latifolium,4,1.6636,13
la_selva,elaphoglossum_latifolium,5,2.2901,1.5
la_selva,elaphoglossum_latifolium,5,2.2856,2.6
la_selva,elaphoglossum_latifolium,5,2.2827,3.4
la_selva,elaphoglossum_latifolium,5,2.2808,4.7
la_selva,elaphoglossum_latifolium,5,2.2787,4.7
la_selva,elaphoglossum_latifolium,5,2.2764,4.8
la_selva,elaphoglossum_latifolium,5,2.2752,5
la_selva,elaphoglossum_latifolium,5,2.2746,5.9
la_selva,elaphoglossum_latifolium,5,2.2693,8
la_selva,elaphoglossum_latifolium,5,2.2667,8
la_selva,elaphoglossum_latifolium,5,2.259,11
la_selva,elaphoglossum_latifolium,5,2.247,14.9
la_selva,elaphoglossum_latifolium,5,2.2357,15.1
la_selva,elaphoglossum_latifolium,5,2.261,17.9
la_selva,elaphoglossum_latifolium,6,1.8852,1.5
la_selva,elaphoglossum_latifolium,6,1.8764,5
la_selva,elaphoglossum_latifolium,6,1.8698,5
la_selva,elaphoglossum_latifolium,6,1.8616,6.2
la_selva,elaphoglossum_latifolium,6,1.8565,6.4
la_selva,elaphoglossum_latifolium,6,1.8501,8.5
la_selva,elaphoglossum_latifolium,6,1.8377,9.5
la_selva,elaphoglossum_latifolium,6,1.8238,10.3
la_selva,elaphoglossum_latifolium,6,1.809,12
la_selva,elaphoglossum_latifolium,6,1.7875,13.5
la_selva,elaphoglossum_latifolium,6,1.766,13.9
la_selva,lomariopsis_japurensis,3,4.8595,1.8
la_selva,lomariopsis_japurensis,3,4.8333,2.5
la_selva,lomariopsis_japurensis,3,4.787,2.5
la_selva,lomariopsis_japurensis,3,4.7275,2.5
la_selva,lomariopsis_japurensis,3,4.7003,2.7
la_selva,lomariopsis_japurensis,3,4.9744,4
la_selva,lomariopsis_japurensis,3,4.5218,7.9
la_selva,lomariopsis_japurensis,3,4.4822,9
la_selva,lomariopsis_japurensis,3,4.4375,9
la_selva,lomariopsis_japurensis,3,4.3739,9.9
la_selva,lomariopsis_japurensis,3,4.3177,10
la_selva,lomariopsis_japurensis,4,1.5009,1
la_selva,lomariopsis_japurensis,4,1.4773,1.8
la_selva,lomariopsis_japurensis,4,1.4433,1.8
la_selva,lomariopsis_japurensis,4,1.3595,10
la_selva,lomariopsis_japurensis,4,1.3461,11
la_selva,lomariopsis_japurensis,4,1.3139,12
la_selva,lomariopsis_japurensis,5,1.884,1
la_selva,lomariopsis_japurensis,5,1.8653,1.6
la_selva,lomariopsis_japurensis,5,1.7594,10
la_selva,lomariopsis_japurensis,5,1.7519,10
la_selva,lomariopsis_japurensis,5,1.7439,11
la_selva,lomariopsis_japurensis,5,1.7224,11.9
la_selva,lomariopsis_japurensis,5,1.706,12
la_selva,mickelia_nicotianifolia,1,1.786,2
la_selva,mickelia_nicotianifolia,1,1.7697,2.3
la_selva,mickelia_nicotianifolia,1,1.7469,2.9
la_selva,mickelia_nicotianifolia,1,1.7351,4.9
la_selva,mickelia_nicotianifolia,1,1.7222,6.2
la_selva,mickelia_nicotianifolia,1,1.7125,9
la_selva,mickelia_nicotianifolia,1,1.6994,10
la_selva,mickelia_nicotianifolia,1,0.6923,13.4
la_selva,mickelia_nicotianifolia,1,1.6323,14.8
la_selva,mickelia_nicotianifolia,1,1.6075,15
la_selva,mickelia_nicotianifolia,2,1.7798,2.2
la_selva,mickelia_nicotianifolia,2,1.7661,2.9
la_selva,mickelia_nicotianifolia,2,1.7155,4
la_selva,mickelia_nicotianifolia,2,1.7094,4.8
la_selva,mickelia_nicotianifolia,2,1.6989,6.2
la_selva,mickelia_nicotianifolia,2,1.6912,7.8
la_selva,mickelia_nicotianifolia,2,1.6855,7.9
la_selva,mickelia_nicotianifolia,2,1.6763,8
la_selva,mickelia_nicotianifolia,2,1.6577,9.9
la_selva,mickelia_nicotianifolia,2,1.6399,11.2
la_selva,mickelia_nicotianifolia,2,1.6304,11.2
la_selva,mickelia_nicotianifolia,2,1.5029,11.2
la_selva,mickelia_nicotianifolia,3,4.0573,2.8
la_selva,mickelia_nicotianifolia,3,4.0373,4.9
la_selva,mickelia_nicotianifolia,3,4.0238,7
la_selva,mickelia_nicotianifolia,3,4.0101,8.1
la_selva,mickelia_nicotianifolia,3,3.9938,10.1
la_selva,mickelia_nicotianifolia,3,3.9735,11.3
la_selva,mickelia_nicotianifolia,3,3.9571,12.1
la_selva,mickelia_nicotianifolia,3,3.945,12
la_selva,mickelia_nicotianifolia,3,3.9063,1
la_selva,mickelia_nicotianifolia,3,3.8473,13.9
la_selva,mickelia_nicotianifolia,4,1.8691,2.5
la_selva,mickelia_nicotianifolia,4,1.8625,4.1
la_selva,mickelia_nicotianifolia,4,1.8562,4
la_selva,mickelia_nicotianifolia,4,1.8502,8.2
la_selva,mickelia_nicotianifolia,4,1.8127,10.8
la_selva,mickelia_nicotianifolia,4,1.7844,12
la_selva,mickelia_nicotianifolia,4,1.6884,12.2
la_selva,mickelia_nicotianifolia,5,1.4046,2.8
la_selva,mickelia_nicotianifolia,5,1.3776,3.1
la_selva,mickelia_nicotianifolia,5,1.3514,3.9
la_selva,mickelia_nicotianifolia,5,1.2969,8
la_selva,mickelia_nicotianifolia,5,1.2763,10.5
la_selva,mickelia_nicotianifolia,5,1.2521,13.6
la_selva,mickelia_nicotianifolia,5,1.2172,14.9
la_selva,mickelia_nicotianifolia,5,1.1618,15.2
la_selva,mickelia_nicotianifolia,6,1.217,4.9
la_selva,mickelia_nicotianifolia,6,1.2128,5.2
la_selva,mickelia_nicotianifolia,6,1.2091,7
la_selva,mickelia_nicotianifolia,6,1.2049,7.2
la_selva,mickelia_nicotianifolia,6,1.1991,8
la_selva,mickelia_nicotianifolia,6,1.1945,8.8
la_selva,mickelia_nicotianifolia,6,1.1909,10
la_selva,mickelia_nicotianifolia,6,1.1862,11
la_selva,mickelia_nicotianifolia,6,1.1587,12.1
la_selva,mickelia_nicotianifolia,6,1.1502,12.1
la_selva,nephrolepis_biserrata,1,0.9233,1.3
la_selva,nephrolepis_biserrata,1,0.9046,2.8
la_selva,nephrolepis_biserrata,1,0.8902,3
la_selva,nephrolepis_biserrata,1,0.8796,3.6
la_selva,nephrolepis_biserrata,1,0.8689,4
la_selva,nephrolepis_biserrata,1,0.8545,5.2
la_selva,nephrolepis_biserrata,1,0.8386,6.1
la_selva,nephrolepis_biserrata,1,0.8167,6.7
la_selva,nephrolepis_biserrata,1,0.7767,7.8
la_selva,nephrolepis_biserrata,1,0.7462,8
la_selva,nephrolepis_biserrata,1,0.7162,8.9
la_selva,nephrolepis_biserrata,1,0.6194,10.7
la_selva,nephrolepis_biserrata,1,0.6051,12.5
la_selva,nephrolepis_biserrata,2,0.647,2
la_selva,nephrolepis_biserrata,2,0.6396,3.1
la_selva,nephrolepis_biserrata,2,0.6347,4.2
la_selva,nephrolepis_biserrata,2,0.6194,5
la_selva,nephrolepis_biserrata,2,0.6139,5.9
la_selva,nephrolepis_biserrata,2,0.6031,6.5
la_selva,nephrolepis_biserrata,2,0.594,7.3
la_selva,nephrolepis_biserrata,2,0.5778,7.3
la_selva,nephrolepis_biserrata,2,0.5604,8
la_selva,nephrolepis_biserrata,2,0.6497,8.6
la_selva,nephrolepis_biserrata,2,0.5204,11
la_selva,nephrolepis_biserrata,2,0.4926,11
la_selva,nephrolepis_biserrata,2,0.4369,11.2
la_selva,nephrolepis_biserrata,3,0.3729,1.5
la_selva,nephrolepis_biserrata,3,0.3681,2.7
la_selva,nephrolepis_biserrata,3,0.3627,3.1
la_selva,nephrolepis_biserrata,3,0.361,4
la_selva,nephrolepis_biserrata,3,0.3571,5
la_selva,nephrolepis_biserrata,3,0.3543,6
la_selva,nephrolepis_biserrata,3,0.3473,6.8
la_selva,nephrolepis_biserrata,3,0.3425,7.2
la_selva,nephrolepis_biserrata,3,0.3375,7.2
la_selva,nephrolepis_biserrata,3,0.3104,8.1
la_selva,nephrolepis_biserrata,3,0.2758,9
la_selva,nephrolepis_biserrata,6,0.821,0.7
la_selva,nephrolepis_biserrata,6,0.7979,1.7
la_selva,nephrolepis_biserrata,6,0.7842,2.7
la_selva,nephrolepis_biserrata,6,0.7745,2.8
la_selva,nephrolepis_biserrata,6,0.7638,3.3
la_selva,nephrolepis_biserrata,6,0.7623,3.9
la_selva,nephrolepis_biserrata,6,0.7587,4.6
la_selva,nephrolepis_biserrata,6,0.7519,5
la_selva,nephrolepis_biserrata,6,0.7458,7
la_selva,nephrolepis_biserrata,6,0.7382,7
la_selva,nephrolepis_biserrata,6,0.7288,9.1
la_selva,nephrolepis_biserrata,6,0.7239,9
la_selva,nephrolepis_biserrata,6,0.7144,10.5
la_selva,nephrolepis_biserrata,6,0.6994,10.5
la_selva,nephrolepis_biserrata,6,0.6601,10.5
la_selva,nephrolepis_biserrata,8,1.5743,1.5
la_selva,nephrolepis_biserrata,8,1.5579,2
la_selva,nephrolepis_biserrata,8,1.538,2.3
la_selva,nephrolepis_biserrata,8,1.5255,2.4
la_selva,nephrolepis_biserrata,8,1.5024,3
la_selva,nephrolepis_biserrata,8,1.4778,3.5
la_selva,nephrolepis_biserrata,8,1.4474,5
la_selva,nephrolepis_biserrata,8,1.1435,5.3
la_selva,nephrolepis_biserrata,8,1.0387,6.7
la_selva,nephrolepis_biserrata,8,1.011,7.8
la_selva,nephrolepis_biserrata,8,1.0076,8.2
la_selva,nephrolepis_biserrata,8,1.1023,8.8
la_selva,nephrolepis_biserrata,9,1.1752,1.5
la_selva,nephrolepis_biserrata,9,1.1672,3
la_selva,nephrolepis_biserrata,9,1.1428,3
la_selva,nephrolepis_biserrata,9,1.1258,4
la_selva,nephrolepis_biserrata,9,1.1049,5.2
la_selva,nephrolepis_biserrata,9,1.0834,5.9
la_selva,nephrolepis_biserrata,9,1.0327,7.9
la_selva,nephrolepis_biserrata,9,1.0137,8.9
la_selva,nephrolepis_biserrata,9,0.9592,10.5
la_selva,nephrolepis_biserrata,9,0.8766,11
la_selva,nephrolepis_rivularis,1,0.457,3.5
la_selva,nephrolepis_rivularis,1,0.4535,6.5
la_selva,nephrolepis_rivularis,1,0.4518,7.9
la_selva,nephrolepis_rivularis,1,0.4507,9
la_selva,nephrolepis_rivularis,1,0.449,12.4
la_selva,nephrolepis_rivularis,1,0.4468,12.5
la_selva,nephrolepis_rivularis,1,0.4453,14
la_selva,nephrolepis_rivularis,1,0.4412,14.5
la_selva,nephrolepis_rivularis,2,0.5694,2.2
la_selva,nephrolepis_rivularis,2,0.5667,3.5
la_selva,nephrolepis_rivularis,2,0.5649,4.2
la_selva,nephrolepis_rivularis,2,0.5643,5.5
la_selva,nephrolepis_rivularis,2,0.5625,6.9
la_selva,nephrolepis_rivularis,2,0.5601,7.8
la_selva,nephrolepis_rivularis,2,0.5585,8.8
la_selva,nephrolepis_rivularis,2,0.555,9.5
la_selva,nephrolepis_rivularis,2,0.5517,10.6
la_selva,nephrolepis_rivularis,2,0.5449,11.1
la_selva,nephrolepis_rivularis,2,0.5407,10.6
la_selva,nephrolepis_rivularis,2,0.5339,10.9
la_selva,nephrolepis_rivularis,3,0.4624,1.5
la_selva,nephrolepis_rivularis,3,0.4614,3
la_selva,nephrolepis_rivularis,3,0.4592,3.9
la_selva,nephrolepis_rivularis,3,0.4589,4.7
la_selva,nephrolepis_rivularis,3,0.4572,5.1
la_selva,nephrolepis_rivularis,3,0.4543,6.2
la_selva,nephrolepis_rivularis,3,0.4531,7.7
la_selva,nephrolepis_rivularis,3,0.4505,8.2
la_selva,nephrolepis_rivularis,3,0.4471,9.2
la_selva,nephrolepis_rivularis,3,0.443,9.2
la_selva,nephrolepis_rivularis,3,0.4389,9.9
la_selva,nephrolepis_rivularis,3,0.436,9.9
la_selva,nephrolepis_rivularis,3,0.4318,10.2
la_selva,nephrolepis_rivularis,4,0.6929,2.1
la_selva,nephrolepis_rivularis,4,0.6895,2.7
la_selva,nephrolepis_rivularis,4,0.6868,5.2
la_selva,nephrolepis_rivularis,4,0.6857,5.4
la_selva,nephrolepis_rivularis,4,0.6843,7
la_selva,nephrolepis_rivularis,4,0.6819,8.4
la_selva,nephrolepis_rivularis,4,0.6785,8.2
la_selva,nephrolepis_rivularis,4,0.6764,11.5
la_selva,nephrolepis_rivularis,4,0.6742,12.4
la_selva,nephrolepis_rivularis,4,0.6709,14
la_selva,nephrolepis_rivularis,4,0.6651,15.5
la_selva,nephrolepis_rivularis,5,0.845,3.2
la_selva,nephrolepis_rivularis,5,0.8417,4.7
la_selva,nephrolepis_rivularis,5,0.8309,5.1
la_selva,nephrolepis_rivularis,5,0.8313,7.4
la_selva,nephrolepis_rivularis,5,0.8188,8.5
la_selva,nephrolepis_rivularis,5,0.8138,8.9
la_selva,nephrolepis_rivularis,5,0.804,8.5
la_selva,nephrolepis_rivularis,5,0.7821,10.6
la_selva,nephrolepis_rivularis,5,0.7685,10
la_selva,nephrolepis_rivularis,6,0.4062,3.2
la_selva,nephrolepis_rivularis,6,0.4036,4.7
la_selva,nephrolepis_rivularis,6,0.4005,6.1
la_selva,nephrolepis_rivularis,6,0.4002,7.1
la_selva,nephrolepis_rivularis,6,0.3978,7.7
la_selva,nephrolepis_rivularis,6,0.3957,10.8
la_selva,nephrolepis_rivularis,6,0.3903,12
la_selva,oleandra_articulata,1,0.6492,2
la_selva,oleandra_articulata,1,0.6456,2.2
la_selva,oleandra_articulata,1,0.6412,2.9
la_selva,oleandra_articulata,1,0.6395,3.5
la_selva,oleandra_articulata,1,0.6374,5.7
la_selva,oleandra_articulata,1,0.6359,6
la_selva,oleandra_articulata,1,0.6319,7
la_selva,oleandra_articulata,1,0.6282,7
la_selva,oleandra_articulata,1,0.626,7.9
la_selva,oleandra_articulata,1,0.6219,8
la_selva,oleandra_articulata,1,0.6158,9.9
la_selva,oleandra_articulata,1,0.6003,10.1
la_selva,oleandra_articulata,1,0.5909,10.4
la_selva,oleandra_articulata,1,0.5815,10.9
la_selva,oleandra_articulata,7,0.4205,1.5
la_selva,oleandra_articulata,7,0.4187,2.7
la_selva,oleandra_articulata,7,0.4165,2.9
la_selva,oleandra_articulata,7,0.415,3.2
la_selva,oleandra_articulata,7,0.4123,4
la_selva,oleandra_articulata,7,0.4101,5
la_selva,oleandra_articulata,7,0.4084,5
la_selva,oleandra_articulata,7,0.4061,6.1
la_selva,oleandra_articulata,7,0.4048,7
la_selva,oleandra_articulata,7,0.4039,8.6
la_selva,oleandra_articulata,7,0.401,9.5
la_selva,oleandra_articulata,7,0.3987,12.2
la_selva,oleandra_articulata,7,0.3721,18
la_selva,oleandra_articulata,3,0.7858,3
la_selva,oleandra_articulata,3,0.7826,4.7
la_selva,oleandra_articulata,3,0.7801,5.8
la_selva,oleandra_articulata,3,0.7753,6.5
la_selva,oleandra_articulata,3,0.7716,7
la_selva,oleandra_articulata,3,0.7678,8
la_selva,oleandra_articulata,3,0.7642,8
la_selva,oleandra_articulata,3,0.7578,8.9
la_selva,oleandra_articulata,3,0.7477,10
la_selva,oleandra_articulata,3,0.7453,10
la_selva,oleandra_articulata,3,0.7306,10.6
la_selva,oleandra_articulata,3,0.7181,11.3
la_selva,oleandra_articulata,3,0.6949,12.1
la_selva,oleandra_articulata,3,0.6638,13
la_selva,oleandra_articulata,8,0.3819,3.9
la_selva,oleandra_articulata,8,0.3797,6.8
la_selva,oleandra_articulata,8,0.3778,7.9
la_selva,oleandra_articulata,8,0.3754,10
la_selva,oleandra_articulata,8,0.3734,11
la_selva,oleandra_articulata,8,0.3725,12
la_selva,oleandra_articulata,8,0.3697,12.5
la_selva,oleandra_articulata,8,0.3673,13
la_selva,oleandra_articulata,8,0.3624,13.1
la_selva,oleandra_articulata,8,0.3485,14.4
la_selva,oleandra_articulata,8,3378,15
la_selva,oleandra_articulata,5,0.7036,2
la_selva,oleandra_articulata,5,0.6997,3.6
la_selva,oleandra_articulata,5,0.6972,4.1
la_selva,oleandra_articulata,5,0.6955,5
la_selva,oleandra_articulata,5,0.6929,5.6
la_selva,oleandra_articulata,5,0.6884,6.1
la_selva,oleandra_articulata,5,0.6814,7.9
la_selva,oleandra_articulata,5,0.6757,8.9
la_selva,oleandra_articulata,5,0.6692,9
la_selva,oleandra_articulata,5,0.6639,9.8
la_selva,oleandra_articulata,5,0.6586,10
la_selva,oleandra_articulata,6,0.2907,3.6
la_selva,oleandra_articulata,6,0.2888,5
la_selva,oleandra_articulata,6,0.287,5.2
la_selva,oleandra_articulata,6,0.2852,7
la_selva,oleandra_articulata,6,0.2837,7.3
la_selva,oleandra_articulata,6,0.2813,9.1
la_selva,oleandra_articulata,6,0.2791,9.9
la_selva,oleandra_articulata,6,0.2773,11
la_selva,oleandra_articulata,6,0.2758,11
la_selva,oleandra_articulata,6,0.2721,13.7
la_selva,oleandra_articulata,6,0.2703,13.9
la_selva,oleandra_articulata,6,0.2651,14.9
la_selva,oleandra_articulata,6,0.2597,17.1
la_selva,oleandra_articulata,6,0.2464,17.6
la_selva,pecluma_pectinata,1,0.4282,3.5
la_selva,pecluma_pectinata,1,0.4256,5.1
la_selva,pecluma_pectinata,1,0.424,7.4
la_selva,pecluma_pectinata,1,0.4229,9.9
la_selva,pecluma_pectinata,1,0.4206,13
la_selva,pecluma_pectinata,1,0.4167,16.54
la_selva,pecluma_pectinata,1,0.4131,19.8
la_selva,pecluma_pectinata,1,0.4082,20.5
la_selva,pecluma_pectinata,1,0.3886,29
la_selva,pecluma_pectinata,2,0.5685,3.6
la_selva,pecluma_pectinata,2,0.5645,5.5
la_selva,pecluma_pectinata,2,0.5625,9
la_selva,pecluma_pectinata,2,0.5584,12.1
la_selva,pecluma_pectinata,2,0.5558,17
la_selva,pecluma_pectinata,2,0.5532,19
la_selva,pecluma_pectinata,2,0.5445,22.5
la_selva,pecluma_pectinata,2,0.5401,25.5
la_selva,pecluma_pectinata,2,0.5316,29.5
la_selva,pecluma_pectinata,3,0.6822,3.6
la_selva,pecluma_pectinata,3,0.6773,5.5
la_selva,pecluma_pectinata,3,0.6712,9
la_selva,pecluma_pectinata,3,0.6681,12.1
la_selva,pecluma_pectinata,3,0.6635,17
la_selva,pecluma_pectinata,3,0.66,19
la_selva,pecluma_pectinata,3,0.6503,22.5
la_selva,pecluma_pectinata,3,0.6361,25.5
la_selva,pecluma_pectinata,3,0.6205,29.5
la_selva,pecluma_pectinata,4,0.4303,3
la_selva,pecluma_pectinata,4,0.4197,4.8
la_selva,pecluma_pectinata,4,0.4178,8
la_selva,pecluma_pectinata,4,0.4133,12.8
la_selva,pecluma_pectinata,4,0.4058,14
la_selva,pecluma_pectinata,4,0.4012,15.6
la_selva,pecluma_pectinata,4,0.3967,18.4
la_selva,pecluma_pectinata,4,0.389,18.5
la_selva,pecluma_pectinata,5,0.6876,3.8
la_selva,pecluma_pectinata,5,0.6851,4.7
la_selva,pecluma_pectinata,5,0.6824,5.9
la_selva,pecluma_pectinata,5,0.6787,8.1
la_selva,pecluma_pectinata,5,0.67843,8.5
la_selva,pecluma_pectinata,5,0.667,10.5
la_selva,pecluma_pectinata,5,0.6606,11.9
la_selva,pecluma_pectinata,5,0.6509,11.5
la_selva,pecluma_pectinata,6,0.5461,3
la_selva,pecluma_pectinata,6,0.5373,5.1
la_selva,pecluma_pectinata,6,0.5312,6.2
la_selva,pecluma_pectinata,6,0.5257,8
la_selva,pecluma_pectinata,6,0.522,8.9
la_selva,pecluma_pectinata,6,0.5167,10
la_selva,pecluma_pectinata,6,0.5113,11.1
la_selva,pecluma_pectinata,6,0.5066,11.1
la_selva,pecluma_pectinata,6,0.4992,12.8
la_selva,pecluma_pectinata,6,0.4842,13
la_selva,phlebodium_aureum,8,2.6943,2.9
la_selva,phlebodium_aureum,8,2.6902,3.9
la_selva,phlebodium_aureum,8,2.6791,4.9
la_selva,phlebodium_aureum,8,2.6705,5.4
la_selva,phlebodium_aureum,8,2.6647,6.1
la_selva,phlebodium_aureum,8,2.6458,6.6
la_selva,phlebodium_aureum,8,2.6226,7
la_selva,phlebodium_aureum,8,2.5575,9.8
la_selva,phlebodium_aureum,8,2.4398,10.8
la_selva,phlebodium_aureum,1r,3.3,3.8
la_selva,phlebodium_aureum,1r,3.2957,5.1
la_selva,phlebodium_aureum,1r,3.2869,5.7
la_selva,phlebodium_aureum,1r,3.2822,5.8
la_selva,phlebodium_aureum,1r,3.3205,7
la_selva,phlebodium_aureum,1r,3.2648,8.1
la_selva,phlebodium_aureum,1r,3.2538,8
la_selva,phlebodium_aureum,1r,3.238,8
la_selva,phlebodium_aureum,1r,3.1877,8.8
la_selva,phlebodium_aureum,1r,3.1592,9
la_selva,phlebodium_aureum,1r,3.0854,10.5
la_selva,phlebodium_aureum,2r,2.0902,4
la_selva,phlebodium_aureum,2r,2.082,7
la_selva,phlebodium_aureum,2r,2.065,7.5
la_selva,phlebodium_aureum,2r,2.0418,8.6
la_selva,phlebodium_aureum,2r,2.0341,8.6
la_selva,phlebodium_aureum,2r,2.0268,8.7
la_selva,pleopeltis_bradeorum,1,0.6693,3.9
la_selva,pleopeltis_bradeorum,1,0.6671,6
la_selva,pleopeltis_bradeorum,1,0.6645,7.1
la_selva,pleopeltis_bradeorum,1,0.6612,8
la_selva,pleopeltis_bradeorum,1,0.6559,10.2
la_selva,pleopeltis_bradeorum,1,0.6487,13.5
la_selva,pleopeltis_bradeorum,1,0.6456,15
la_selva,pleopeltis_bradeorum,1,0.598,21
la_selva,pleopeltis_bradeorum,2,0.9298,4
la_selva,pleopeltis_bradeorum,2,0.9257,5.1
la_selva,pleopeltis_bradeorum,2,0.9209,6.5
la_selva,pleopeltis_bradeorum,2,0.9127,8
la_selva,pleopeltis_bradeorum,2,0.9077,9
la_selva,pleopeltis_bradeorum,2,0.8925,10
la_selva,pleopeltis_bradeorum,2,0.8749,10
la_selva,pleopeltis_bradeorum,2,0.9534,10.2
la_selva,pleopeltis_bradeorum,3,0.741,3.1
la_selva,pleopeltis_bradeorum,3,0.7375,3.5
la_selva,pleopeltis_bradeorum,3,0.7363,4.5
la_selva,pleopeltis_bradeorum,3,0.7335,5.2
la_selva,pleopeltis_bradeorum,3,0.7313,6.1
la_selva,pleopeltis_bradeorum,3,0.7303,6.8
la_selva,pleopeltis_bradeorum,3,0.7237,7.1
la_selva,pleopeltis_bradeorum,3,0.7203,8
la_selva,pleopeltis_bradeorum,3,0.711,9
la_selva,pleopeltis_bradeorum,3,0.6978,10
la_selva,pleopeltis_bradeorum,3,0.678,10
la_selva,pleopeltis_bradeorum,3,0.6561,11
la_selva,pleopeltis_bradeorum,3,0.6174,11.5
la_selva,pleopeltis_bradeorum,3,0.6028,11.5
la_selva,pleopeltis_bradeorum,4,0.7635,3.5
la_selva,pleopeltis_bradeorum,4,0.7594,4
la_selva,pleopeltis_bradeorum,4,0.754,5.5
la_selva,pleopeltis_bradeorum,4,0.7477,7
la_selva,pleopeltis_bradeorum,4,0.7394,8.9
la_selva,pleopeltis_bradeorum,4,0.7297,10
la_selva,pleopeltis_bradeorum,4,0.7124,11
la_selva,pleopeltis_bradeorum,4,0.6738,12
la_selva,pleopeltis_bradeorum,4,0.6496,12.1
la_selva,pleopeltis_bradeorum,5,0.717,2.5
la_selva,pleopeltis_bradeorum,5,0.7146,4.5
la_selva,pleopeltis_bradeorum,5,0.7092,6
la_selva,pleopeltis_bradeorum,5,0.7029,7.5
la_selva,pleopeltis_bradeorum,5,0.6902,12
la_selva,pleopeltis_bradeorum,5,0.681,15
la_selva,pleopeltis_bradeorum,5,0.6559,20
la_selva,pleopeltis_bradeorum,5,0.652,20
la_selva,polybotrya_osmundacea,1,1.6345,3.2
la_selva,polybotrya_osmundacea,1,1.6229,9.1
la_selva,polybotrya_osmundacea,1,1.6095,11.8
la_selva,polybotrya_osmundacea,1,1.6011,12.2
la_selva,polybotrya_osmundacea,1,1.5878,13.8
la_selva,polybotrya_osmundacea,1,1.5535,15
la_selva,polybotrya_osmundacea,1,1.4401,19
la_selva,polybotrya_osmundacea,2,2.0557,2.8
la_selva,polybotrya_osmundacea,2,2.0482,4.9
la_selva,polybotrya_osmundacea,2,2.0388,6.1
la_selva,polybotrya_osmundacea,2,2.03,11
la_selva,polybotrya_osmundacea,2,2.0297,13.1
la_selva,polybotrya_osmundacea,2,2.0002,14.8
la_selva,polybotrya_osmundacea,2,1.9562,16.8
la_selva,polybotrya_osmundacea,2,1.8026,20.1
la_selva,polybotrya_osmundacea,3,2.2216,2.9
la_selva,polybotrya_osmundacea,3,2.209,8.7
la_selva,polybotrya_osmundacea,3,2.1911,10
la_selva,polybotrya_osmundacea,3,2.1739,11.9
la_selva,polybotrya_osmundacea,3,2.1652,12.1
la_selva,polybotrya_osmundacea,3,2.1508,14
la_selva,polybotrya_osmundacea,3,2.1273,14
la_selva,polybotrya_osmundacea,3,2.0231,16
la_selva,polybotrya_osmundacea,4,1.9188,5
la_selva,polybotrya_osmundacea,4,1.9068,7.2
la_selva,polybotrya_osmundacea,4,1.8976,10.9
la_selva,polybotrya_osmundacea,4,1.8917,11.8
la_selva,polybotrya_osmundacea,4,1.872,12
la_selva,polybotrya_osmundacea,4,1.853,12
la_selva,polybotrya_osmundacea,4,1.8044,14
la_selva,polybotrya_osmundacea,4,1.5845,18.5
la_selva,polybotrya_osmundacea,5,2.405,2.2
la_selva,polybotrya_osmundacea,5,2.3744,3.4
la_selva,polybotrya_osmundacea,5,2.3378,12.4
la_selva,polybotrya_osmundacea,5,2.3229,12.5
la_selva,polybotrya_osmundacea,5,2.035,13
la_selva,polybotrya_osmundacea,5,2.0208,13.1
la_selva,polybotrya_osmundacea,5,1.8485,17
la_selva,polybotrya_osmundacea,6,1.8485,4.9
la_selva,polybotrya_osmundacea,6,1.8397,8.2
la_selva,polybotrya_osmundacea,6,1.8328,11.1
la_selva,polybotrya_osmundacea,6,1.8245,12.1
la_selva,polybotrya_osmundacea,6,1.8031,14.1
la_selva,polybotrya_osmundacea,6,1.7403,16.7
la_selva,polybotrya_osmundacea,6,1.5928,19
la_selva,salpichlaena_volubilis,2,3.5408,3.8
la_selva,salpichlaena_volubilis,2,3.5259,4.9
la_selva,salpichlaena_volubilis,2,3.4859,5.9
la_selva,salpichlaena_volubilis,2,3.4491,8.3
la_selva,salpichlaena_volubilis,2,3.4148,8
la_selva,salpichlaena_volubilis,2,3.3638,10
la_selva,salpichlaena_volubilis,2,3.3083,11
la_selva,salpichlaena_volubilis,2,3.2644,12.1
la_selva,salpichlaena_volubilis,3,2.51,3
la_selva,salpichlaena_volubilis,3,2.4835,5.9
la_selva,salpichlaena_volubilis,3,2.4581,9.1
la_selva,salpichlaena_volubilis,3,2.4327,12.1
la_selva,salpichlaena_volubilis,3,2.4044,16.5
la_selva,salpichlaena_volubilis,3,2.3738,16.2
la_selva,salpichlaena_volubilis,4,1.6363,3
la_selva,salpichlaena_volubilis,4,1.5924,12.3
la_selva,salpichlaena_volubilis,4,1.5725,12.3
la_selva,salpichlaena_volubilis,4,1.5501,13
la_selva,salpichlaena_volubilis,4,1.5233,13.8
la_selva,salpichlaena_volubilis,4,1.4955,14.8
la_selva,salpichlaena_volubilis,4,1.4503,15
la_selva,salpichlaena_volubilis,6,2.9375,3
la_selva,salpichlaena_volubilis,6,2.8984,8.9
la_selva,salpichlaena_volubilis,6,2.893,11.1
la_selva,salpichlaena_volubilis,6,2.8691,11.6
la_selva,salpichlaena_volubilis,6,2.7831,13.5
la_selva,salpichlaena_volubilis,6,2.7171,16
la_selva,salpichlaena_volubilis,1,2.468,5.2
la_selva,salpichlaena_volubilis,1,2.436,10
la_selva,salpichlaena_volubilis,1,2.4157,11
la_selva,salpichlaena_volubilis,1,2.3881,11.5
la_selva,salpichlaena_volubilis,1,2.2348,13.5
la_selva,salpichlaena_volubilis,1,2.2991,13
la_selva,salpichlaena_volubilis,5,2.7241,4
la_selva,salpichlaena_volubilis,5,2.6393,5
la_selva,salpichlaena_volubilis,5,2.6069,9.8
la_selva,salpichlaena_volubilis,5,2.5733,10
la_selva,salpichlaena_volubilis,5,2.5195,12.9
la_selva,salpichlaena_volubilis,5,2.446,14.8
la_selva,serpocaulon_loriciforme,10,0.6114,2
la_selva,serpocaulon_loriciforme,10,0.6045,3.1
la_selva,serpocaulon_loriciforme,10,0.6003,4.1
la_selva,serpocaulon_loriciforme,10,0.5903,5.4
la_selva,serpocaulon_loriciforme,10,0.5872,6
la_selva,serpocaulon_loriciforme,10,0.5795,6.8
la_selva,serpocaulon_loriciforme,10,0.5727,7.4
la_selva,serpocaulon_loriciforme,10,0.5591,8.2
la_selva,serpocaulon_loriciforme,10,0.5529,8.2
la_selva,serpocaulon_loriciforme,10,0.539,7.8
la_selva,serpocaulon_loriciforme,10,0.441,12.1
la_selva,serpocaulon_loriciforme,9,1.0675,2
la_selva,serpocaulon_loriciforme,9,1.057,2.8
la_selva,serpocaulon_loriciforme,9,1.0494,3.4
la_selva,serpocaulon_loriciforme,9,1.0422,5.2
la_selva,serpocaulon_loriciforme,9,1.0338,6.2
la_selva,serpocaulon_loriciforme,9,1.0284,7.5
la_selva,serpocaulon_loriciforme,9,1.0225,7.6
la_selva,serpocaulon_loriciforme,9,0.9971,7
la_selva,serpocaulon_loriciforme,9,0.9875,8
la_selva,serpocaulon_loriciforme,9,0.9547,8.4
la_selva,serpocaulon_loriciforme,9,0.8725,8.5
la_selva,serpocaulon_loriciforme,9,0.7559,13
la_selva,serpocaulon_loriciforme,3,0.4946,3.6
la_selva,serpocaulon_loriciforme,3,0.4838,4.6
la_selva,serpocaulon_loriciforme,3,0.4805,4.6
la_selva,serpocaulon_loriciforme,3,0.4735,5
la_selva,serpocaulon_loriciforme,3,0.4716,5.5
la_selva,serpocaulon_loriciforme,3,0.467,6.7
la_selva,serpocaulon_loriciforme,3,0.4572,7.5
la_selva,serpocaulon_loriciforme,3,0.3624,12.9
la_selva,serpocaulon_loriciforme,4,0.4304,1.8
la_selva,serpocaulon_loriciforme,4,0.4251,4.2
la_selva,serpocaulon_loriciforme,4,0.4219,5.6
la_selva,serpocaulon_loriciforme,4,0.4195,6
la_selva,serpocaulon_loriciforme,4,0.4136,6.7
la_selva,serpocaulon_loriciforme,4,0.4093,6.8
la_selva,serpocaulon_loriciforme,4,0.406,7.1
la_selva,serpocaulon_loriciforme,4,0.4016,7.4
la_selva,serpocaulon_loriciforme,4,0.3943,7.5
la_selva,serpocaulon_loriciforme,4,0.3891,8
la_selva,serpocaulon_loriciforme,4,0.3832,7.4
la_selva,serpocaulon_loriciforme,4,0.3759,7.6
la_selva,serpocaulon_loriciforme,4,0.3695,7.6
la_selva,serpocaulon_loriciforme,4,0.346,6
la_selva,serpocaulon_loriciforme,4,0.3354,4.8
la_selva,serpocaulon_loriciforme,4,0.2432,13.2
la_selva,serpocaulon_loriciforme,12,0.6712,3.1
la_selva,serpocaulon_loriciforme,12,0.6671,3.6
la_selva,serpocaulon_loriciforme,12,0.663,4.2
la_selva,serpocaulon_loriciforme,12,0.6575,4.8
la_selva,serpocaulon_loriciforme,12,0.649,5.4
la_selva,serpocaulon_loriciforme,12,0.6382,8.1
la_selva,serpocaulon_loriciforme,12,0.6321,8.7
la_selva,serpocaulon_loriciforme,12,0.6068,9.9
la_selva,serpocaulon_loriciforme,12,0.5526,11.3
la_selva,serpocaulon_loriciforme,12,0.4692,15
la_selva,serpocaulon_loriciforme,6,0.8516,3
la_selva,serpocaulon_loriciforme,6,0.8405,4.1
la_selva,serpocaulon_loriciforme,6,0.835,4.5
la_selva,serpocaulon_loriciforme,6,0.8262,5.5
la_selva,serpocaulon_loriciforme,6,0.818,6.9
la_selva,serpocaulon_loriciforme,6,0.8126,6.4
la_selva,serpocaulon_loriciforme,6,0.8018,6
la_selva,serpocaulon_loriciforme,6,0.7904,6.6
la_selva,serpocaulon_loriciforme,6,0.7731,7.3
la_selva,serpocaulon_loriciforme,6,0.7575,7.8
la_selva,serpocaulon_loriciforme,6,0.6156,12.4
la_selva,tectaria_incisa,1,2.6489,2.8
la_selva,tectaria_incisa,1,2.6023,6
la_selva,tectaria_incisa,1,2.581,9.9
la_selva,tectaria_incisa,1,2.5376,10.9
la_selva,tectaria_incisa,1,2.4711,11
la_selva,tectaria_incisa,1,2.2746,12
la_selva,tectaria_incisa,2,3.7433,2.5
la_selva,tectaria_incisa,2,3.6897,3.5
la_selva,tectaria_incisa,2,3.6446,5.8
la_selva,tectaria_incisa,2,3.6073,7.5
la_selva,tectaria_incisa,2,3.536,9
la_selva,tectaria_incisa,2,3.4622,9.1
la_selva,tectaria_incisa,2,3.2175,10.1
la_selva,tectaria_incisa,2,3.4082,11
la_selva,tectaria_incisa,3,3.2035,2
la_selva,tectaria_incisa,3,3.1074,4.7
la_selva,tectaria_incisa,3,3.0894,7
la_selva,tectaria_incisa,3,2.995,8
la_selva,tectaria_incisa,3,2.9339,8.2
la_selva,tectaria_incisa,3,2.8218,9
la_selva,tectaria_incisa,3,2.6763,9.9
la_selva,tectaria_incisa,4,3.3961,3
la_selva,tectaria_incisa,4,3.3871,5
la_selva,tectaria_incisa,4,3.331,9.1
la_selva,tectaria_incisa,4,3.2975,10.1
la_selva,tectaria_incisa,4,3.2695,10.6
la_selva,tectaria_incisa,4,3.2388,10.6
la_selva,tectaria_incisa,4,3.1907,10.6
la_selva,tectaria_incisa,4,3.1,11.4
la_selva,tectaria_incisa,4,2.8181,12.8
la_selva,tectaria_incisa,5,2.8737,3
la_selva,tectaria_incisa,5,2.8395,8
la_selva,tectaria_incisa,5,2.8127,8
la_selva,tectaria_incisa,5,2.7719,8
la_selva,tectaria_incisa,5,2.7271,8.5
la_selva,tectaria_incisa,5,2.6743,9.2
la_selva,tectaria_incisa,5,2.4158,10.9
la_selva,tectaria_incisa,5,2.032,10.9
la_selva,tectaria_incisa,6,3.5157,2
la_selva,tectaria_incisa,6,3.4603,3
la_selva,tectaria_incisa,6,3.4373,4.9
la_selva,tectaria_incisa,6,3.4202,6.3
la_selva,tectaria_incisa,6,3.3934,7.1
la_selva,tectaria_incisa,6,3.3714,8.2
la_selva,tectaria_incisa,6,3.2916,10
la_selva,tectaria_incisa,6,3.2594,10.2
la_selva,tectaria_incisa,6,3.1947,10
la_selva,thelypteris_curtii,1,1.3618,2
la_selva,thelypteris_curtii,1,1.317,3.8
la_selva,thelypteris_curtii,1,1.3081,6.1
la_selva,thelypteris_curtii,1,1.2939,9
la_selva,thelypteris_curtii,1,1.2675,11.2
la_selva,thelypteris_curtii,1,1.2148,13.5
la_selva,thelypteris_curtii,1,1.1744,14
la_selva,thelypteris_curtii,1,1.1021,15.8
la_selva,thelypteris_curtii,2,1.4008,3.5
la_selva,thelypteris_curtii,2,1.3718,6
la_selva,thelypteris_curtii,2,1.3625,9
la_selva,thelypteris_curtii,2,1.35,10.5
la_selva,thelypteris_curtii,2,1.3231,11.8
la_selva,thelypteris_curtii,2,1.274,13
la_selva,thelypteris_curtii,2,1.2194,14
la_selva,thelypteris_curtii,2,1.1799,14.8
la_selva,thelypteris_curtii,3,0.9617,3
la_selva,thelypteris_curtii,3,0.944,8.8
la_selva,thelypteris_curtii,3,0.9334,11.1
la_selva,thelypteris_curtii,3,0.9259,12.4
la_selva,thelypteris_curtii,3,0.9071,14.1
la_selva,thelypteris_curtii,3,0.8746,14.2
la_selva,thelypteris_curtii,3,0.8488,14.9
la_selva,thelypteris_curtii,4,0.937,3
la_selva,thelypteris_curtii,4,0.9209,6
la_selva,thelypteris_curtii,4,0.8854,10.2
la_selva,thelypteris_curtii,4,0.801,12.5
la_selva,thelypteris_curtii,4,0.7532,14.1
la_selva,thelypteris_curtii,4,0.7118,15.9
la_selva,thelypteris_curtii,4,0.6869,17
la_selva,thelypteris_curtii,5,1.0527,3.8
la_selva,thelypteris_curtii,5,1.04014,7.5
la_selva,thelypteris_curtii,5,1.0263,8.2
la_selva,thelypteris_curtii,5,1.013,9.6
la_selva,thelypteris_curtii,5,1.0016,10.4
la_selva,thelypteris_curtii,5,0.978,11
la_selva,thelypteris_curtii,5,0.9453,11.8
la_selva,thelypteris_curtii,5,0.9283,12.7
la_selva,thelypteris_curtii,5,0.6786,18
la_selva,thelypteris_curtii,6,1.3078,3.2
la_selva,thelypteris_curtii,6,1.2905,11
la_selva,thelypteris_curtii,6,1.272,9.9
la_selva,thelypteris_curtii,6,1.2632,12.1
la_selva,thelypteris_curtii,6,1.2185,12.4
la_selva,thelypteris_curtii,6,1.1572,13.5
la_selva,thelypteris_curtii,6,1.0678,14.2
la_selva,thelypteris_curtii,6,1.0306,16.1
la_selva,thelypteris_curtii,6,0.7711,17.1
la_selva,thelypteris_dentata,2,1.3357,7
la_selva,thelypteris_dentata,2,1.3206,8.9
la_selva,thelypteris_dentata,2,1.3006,10
la_selva,thelypteris_dentata,2,1.2796,11
la_selva,thelypteris_dentata,2,1.2644,11
la_selva,thelypteris_dentata,2,1.2192,12
la_selva,thelypteris_dentata,4,0.5624,7
la_selva,thelypteris_dentata,4,0.5536,7
la_selva,thelypteris_dentata,4,0.5405,9.7
la_selva,thelypteris_dentata,4,0.5255,10.6
la_selva,thelypteris_dentata,4,0.5167,10.6
la_selva,thelypteris_dentata,4,0.508,11
la_selva,thelypteris_dentata,4,0.4822,12
la_selva,thelypteris_dentata,6,0.6825,4
la_selva,thelypteris_dentata,6,0.6727,4
la_selva,thelypteris_dentata,6,0.6594,5.8
la_selva,thelypteris_dentata,6,0.6496,7
la_selva,thelypteris_dentata,6,0.6348,9
la_selva,thelypteris_dentata,6,0.6244,10
la_selva,thelypteris_dentata,6,0.6135,11
la_selva,thelypteris_dentata,6,0.5723,12.1
la_selva,thelypteris_nicaraguensis,1,0.8122,9
la_selva,thelypteris_nicaraguensis,1,0.8028,13
la_selva,thelypteris_nicaraguensis,1,0.7899,14.5
la_selva,thelypteris_nicaraguensis,1,0.7752,15.2
la_selva,thelypteris_nicaraguensis,1,0.7529,16.4
la_selva,thelypteris_nicaraguensis,1,0.721,17.7
la_selva,thelypteris_nicaraguensis,1,0.6641,19.9
la_selva,thelypteris_nicaraguensis,2,2.36,5.1
la_selva,thelypteris_nicaraguensis,2,2.3131,9
la_selva,thelypteris_nicaraguensis,2,2.2787,12.5
la_selva,thelypteris_nicaraguensis,2,2.2419,14.2
la_selva,thelypteris_nicaraguensis,2,2.1967,14.2
la_selva,thelypteris_nicaraguensis,2,2.1353,15
la_selva,thelypteris_nicaraguensis,2,2.0889,15.5
la_selva,thelypteris_nicaraguensis,2,1.9901,16.6
la_selva,thelypteris_nicaraguensis,2,1.6732,21.8
la_selva,thelypteris_nicaraguensis,3,1.8674,3.5
la_selva,thelypteris_nicaraguensis,3,1.8383,10
la_selva,thelypteris_nicaraguensis,3,1.7788,14
la_selva,thelypteris_nicaraguensis,3,1.7669,15.8
la_selva,thelypteris_nicaraguensis,3,1.7009,16
la_selva,thelypteris_nicaraguensis,3,1.6409,17.1
la_selva,thelypteris_nicaraguensis,3,1.4319,21.5
la_selva,thelypteris_nicaraguensis,6,1.7212,3
la_selva,thelypteris_nicaraguensis,6,1.6972,9.9
la_selva,thelypteris_nicaraguensis,6,1.6868,11
la_selva,thelypteris_nicaraguensis,6,1.6667,11.5
la_selva,thelypteris_nicaraguensis,6,1.6365,12
la_selva,thelypteris_nicaraguensis,6,1.6092,12.3
la_selva,thelypteris_nicaraguensis,6,1.5758,12.8
la_selva,thelypteris_nicaraguensis,6,1.5432,14
la_selva,thelypteris_nicaraguensis,6,1.5048,14
la_selva,thelypteris_nicaraguensis,6,1.4608,14.8
la_selva,thelypteris_nicaraguensis,6,1.3933,15.5
la_selva,thelypteris_nicaraguensis,6,1.3363,16.2
la_selva,thelypteris_nicaraguensis,4,0.8953,2.8
la_selva,thelypteris_nicaraguensis,4,0.8836,6
la_selva,thelypteris_nicaraguensis,4,0.8755,10
la_selva,thelypteris_nicaraguensis,4,0.8651,13
la_selva,thelypteris_nicaraguensis,4,0.8461,13.9
la_selva,thelypteris_nicaraguensis,4,0.8277,15
la_selva,thelypteris_nicaraguensis,4,0.7981,15
la_selva,thelypteris_nicaraguensis,4,0.722,17
la_selva,thelypteris_nicaraguensis,4,0.6922,18.5
