"species","site","plant_no","d13C","d15N","sample_mg","niche","genusspecies","group","c_perc","n_perc"
"asplenium_auritum","la_selva",1,-34.33,-2.19,3.696,"epiphyte","aspaur","E2",43.0944264069264,3.14042207792208
"asplenium_auritum","la_selva",2,-34.65,-1.53,3.572,"epiphyte","aspaur","E2",42.7586786114222,2.45604703247481
"asplenium_auritum","la_selva",3,-36.01,-2.66,3.552,"epiphyte","aspaur","E2",43.3063063063063,2.44932432432433
"asplenium_auritum","la_selva",4,-31.57,0.42,3.558,"epiphyte","aspaur","E2",40.4803260258572,2.5070264193367
"asplenium_auritum","la_selva",5,-31.5,2.25,3.586,"epiphyte","aspaur","E2",42.5917456776353,2.03262688232013
"asplenium_auritum","la_selva",6,-32.06,2.72,3.668,"epiphyte","aspaur","E2",43.4233914940022,2.98745910577971
"asplenium_juglandifolia","la_selva",1,-31,0.69,3.629,"epiphyte","aspjug","E2",42.6877927803803,1.54973821989528
"asplenium_juglandifolia","la_selva",2,-30.98,1.5,3.526,"epiphyte","aspjug","E2",42.6988088485536,1.79268292682927
"asplenium_juglandifolia","la_selva",3,-32.47,2.8,3.52,"epiphyte","aspjug","E2",42.4622159090909,1.75539772727272
"asplenium_juglandifolia","la_selva",4,-32.47,1.79,3.512,"epiphyte","aspjug","E2",39.4644077448747,0.880979498861056
"asplenium_juglandifolia","la_selva",5,NA,NA,NA,"epiphyte","aspjug","E2",NA,NA
"asplenium_serratum","la_selva",1,-34.98,-0.99,3.693,"epiphyte","aspser","E2",39.5892228540482,3.68372596804766
"asplenium_serratum","la_selva",2,-35.69,0.01,3.507,"epiphyte","aspser","E2",41.3789563729684,3.79840319361278
"asplenium_serratum","la_selva",3,-34.08,0.22,3.698,"epiphyte","aspser","E2",41.0073012439156,2.9242833964305
"asplenium_serratum","la_selva",4,-34.21,0.47,3.663,"epiphyte","aspser","E2",42.2915642915643,2.43516243516243
"asplenium_serratum","la_selva",5,-35.85,-0.64,3.553,"epiphyte","aspser","E2",34.4382212215029,2.96200394033213
"asplenium_serratum","la_selva",6,-34.78,0.91,3.652,"epiphyte","aspser","E2",41.8220153340635,3.95700985761227
"blechnum_occidentale","la_selva",1,-34.41,2.13,3.685,"terrestrial","bleocc","E2",42.6309362279512,2.30094979647218
"blechnum_occidentale","la_selva",2,-34.83,1.81,3.565,"terrestrial","bleocc","E2",41.0106591865358,1.49116409537167
"blechnum_occidentale","la_selva",3,-32.25,1.46,3.543,"terrestrial","bleocc","E2",44.3395427603726,2.18487157775896
"blechnum_occidentale","la_selva",4,-34.98,1.76,3.668,"terrestrial","bleocc","E2",43.4233914940022,1.42666303162486
"blechnum_occidentale","la_selva",5,-32.89,1.7,3.677,"terrestrial","bleocc","E2",43.9110688060919,2.64454718520533
"blechnum_occidentale","la_selva",6,-32.81,1.05,3.669,"terrestrial","bleocc","E2",46.0926683019896,2.1501771599891
"campyloneurum_brevifolium","la_selva",1,-32,0.62,3.548,"epiphyte","cambre","E1",45.5076099210823,3.25112739571589
"campyloneurum_brevifolium","la_selva",2,-33.93,1.61,3.572,"epiphyte","cambre","E1",46.1195408734603,2.11954087346025
"campyloneurum_brevifolium","la_selva",3,-32.77,1.1,3.656,"epiphyte","cambre","E1",47.1550875273523,2.53993435448577
"campyloneurum_brevifolium","la_selva",4,-31.29,1.88,3.651,"epiphyte","cambre","E1",46.6198301835114,2.3021090112298
"campyloneurum_brevifolium","la_selva",5,-32.02,0.84,3.662,"epiphyte","cambre","E1",45.5832878208629,2.61551064991807
"campyloneurum_brevifolium","la_selva",6,-32.6,-0.79,3.592,"epiphyte","cambre","E1",46.7761692650334,1.53006681514476
"cyclopeltis_semicordata","la_selva",1,NA,NA,NA,"terrestrial","cycsem","out",NA,NA
"cyclopeltis_semicordata","la_selva",2,-34.72,0.52,3.597,"terrestrial","cycsem","out",43.3705865999444,3.42618849040868
"cyclopeltis_semicordata","la_selva",3,-33.85,1,3.66,"terrestrial","cycsem","out",42.3262295081967,3.44508196721311
"cyclopeltis_semicordata","la_selva",4,-34.56,1.12,3.685,"terrestrial","cycsem","out",42.6309362279512,2.757394843962
"cyclopeltis_semicordata","la_selva",5,NA,NA,NA,"terrestrial","cycsem","out",NA,NA
"cyclopeltis_semicordata","la_selva",6,-35.63,0.8,3.688,"terrestrial","cycsem","out",42.5962581344902,3.55422993492407
"cyclopeltis_semicordata","la_selva",7,-35.34,2.2,3.618,"terrestrial","cycsem","out",41.9140409065782,2.20093974571586
"cyclopeltis_semicordata","la_selva",8,-34.92,-0.31,3.625,"terrestrial","cycsem","out",43.9384827586207,3.71365517241379
"diplazium_straitastrum","la_selva",1,-35.48,0.49,3.585,"terrestrial","dipstr","E2",43.2117154811716,4.51771269177127
"diplazium_straitastrum","la_selva",2,-35.56,0.72,3.693,"terrestrial","dipstr","E2",43.4251286217168,4.61007311129162
"diplazium_straitastrum","la_selva",3,-35.75,-0.04,3.66,"terrestrial","dipstr","E2",40.5407103825137,3.90983606557377
"diplazium_straitastrum","la_selva",4,-36.6,1.65,3.552,"terrestrial","dipstr","E2",44.5343468468468,4.00872747747747
"diplazium_straitastrum","la_selva",5,-34.97,1.08,3.501,"terrestrial","dipstr","E2",44.248500428449,3.60154241645244
"diplazium_straitastrum","la_selva",6,-36.57,0.72,3.518,"terrestrial","dipstr","E2",42.7959067652075,4.22740193291643
"elaphoglossum_amygdalifolium","la_selva",1,-36.94,-0.07,3.552,"hemi-epiphyte","elaamy","E1",38.4090653153153,2.24183558558558
"elaphoglossum_amygdalifolium","la_selva",2,-33.04,0.23,3.511,"hemi-epiphyte","elaamy","E1",44.7436627741384,2.76958131586443
"elaphoglossum_amygdalifolium","la_selva",3,-35.13,0.77,3.516,"hemi-epiphyte","elaamy","E1",37.877417519909,2.08589306029578
"elaphoglossum_amygdalifolium","la_selva",4,-34.74,-0.32,3.61,"hemi-epiphyte","elaamy","E1",40.1983379501385,2.69362880886426
"elaphoglossum_amygdalifolium","la_selva",5,-37.22,1.03,3.529,"hemi-epiphyte","elaamy","E1",38.6593935959195,2.65202606970812
"elaphoglossum_amygdalifolium","la_selva",6,-36.35,1.16,3.646,"hemi-epiphyte","elaamy","E1",36.8241908941305,2.66703236423479
"elaphoglossum_herminieri","la_selva",1,-32.85,0.34,3.523,"epiphyte","elaher","E1",39.9574226511496,1.01901788248652
"elaphoglossum_herminieri","la_selva",2,-32.03,0.92,3.574,"epiphyte","elaher","E1",41.8206491326245,1.25937325125909
"elaphoglossum_herminieri","la_selva",3,-31.51,0.22,3.656,"epiphyte","elaher","E1",43.8646061269147,0.745623632385117
"elaphoglossum_herminieri","la_selva",4,-32.37,1.55,3.504,"epiphyte","elaher","E1",41.724600456621,1.12214611872146
"elaphoglossum_herminieri","la_selva",5,-31.41,0.57,3.635,"epiphyte","elaher","E1",41.7180192572215,1.08363136176066
"elaphoglossum_herminieri","la_selva",6,-32.33,1.01,3.658,"epiphyte","elaher","E1",42.590486604702,1.00956806998359
"elaphoglossum_latifolium","la_selva",1,-32.36,0.63,3.656,"epiphyte","elalat","E1",43.5659190371991,1.71061269146607
"elaphoglossum_latifolium","la_selva",2,-30.44,2.55,3.654,"epiphyte","elalat","E1",42.6940339354132,2.30021893814997
"elaphoglossum_latifolium","la_selva",3,-32.43,0.34,3.661,"epiphyte","elalat","E1",43.5064190111991,1.42310844031684
"elaphoglossum_latifolium","la_selva",4,-32.34,-0.92,3.554,"epiphyte","elalat","E1",43.5886325267304,1.35143500281373
"elaphoglossum_latifolium","la_selva",5,-30.68,2.8,3.648,"epiphyte","elalat","E1",45.7582236842105,1.13596491228071
"elaphoglossum_latifolium","la_selva",6,-29.51,2.01,3.661,"epiphyte","elalat","E1",45.8945643266867,1.77355913684786
"lomariopsis_japurensis","la_selva",1,-36.42,1.53,3.577,"hemi-epiphyte","lomjap","out",41.7855745037741,3.72407045009785
"lomariopsis_japurensis","la_selva",2,-34.46,2.56,3.59,"hemi-epiphyte","lomjap","out",44.3144846796657,3.63286908077994
"lomariopsis_japurensis","la_selva",3,-34.33,2.62,3.656,"hemi-epiphyte","lomjap","out",45.019420131291,4.34737417943106
"lomariopsis_japurensis","la_selva",4,-34.64,0.78,3.512,"hemi-epiphyte","lomjap","out",43.4891799544419,4.86731207289294
"lomariopsis_japurensis","la_selva",5,-35.43,-0.13,3.665,"hemi-epiphyte","lomjap","out",44.6510231923602,3.82755798090041
"lomariopsis_japurensis","la_selva",6,-31.69,3.19,3.511,"hemi-epiphyte","lomjap","out",45.0544004557106,3.059242381088
"mickelia_nicotianifolia","la_selva",1,-36.43,1.75,3.547,"climber","micnic","E1",42.7530307301945,3.79531998872287
"mickelia_nicotianifolia","la_selva",2,-34.94,3.23,3.605,"climber","micnic","E1",42.669625520111,4.70346740638004
"mickelia_nicotianifolia","la_selva",3,-35.79,1.59,3.615,"climber","micnic","E1",43.4564315352697,3.68492392807745
"mickelia_nicotianifolia","la_selva",4,-35.41,4.21,3.639,"climber","micnic","E1",41.372904644133,3.73838966749107
"mickelia_nicotianifolia","la_selva",5,-35.85,2.6,3.649,"climber","micnic","E1",43.3505069882159,3.82488352973417
"mickelia_nicotianifolia","la_selva",6,-35.33,2.33,3.518,"climber","micnic","E1",40.8686753837408,3.90591245025583
"nephrolepis_biserrata","la_selva",1,-34.53,2.68,3.65,"terrestrial","nepbis","E1",44.8345205479452,4.55095890410959
"nephrolepis_biserrata","la_selva",2,-32.86,1.46,3.631,"terrestrial","nepbis","E1",43.2649407876618,2.63784081520242
"nephrolepis_biserrata","la_selva",3,-34.16,1.5,3.682,"terrestrial","nepbis","E1",42.3693644758284,2.73981531776208
"nephrolepis_biserrata","la_selva",6,-34.05,2.21,3.599,"terrestrial","nepbis","E1",43.0436232286746,2.64101139205335
"nephrolepis_biserrata","la_selva",8,-34.31,0.79,3.534,"terrestrial","nepbis","E1",41.062818336163,3.26400679117147
"nephrolepis_biserrata","la_selva",9,-33.72,0.88,3.554,"terrestrial","nepbis","E1",42.668823860439,4.47889701744514
"nephrolepis_rivularis","la_selva",1,-34.02,-2.72,3.622,"terrestrial","nepriv","E1",45.7846493649917,1.45720596355604
"nephrolepis_rivularis","la_selva",2,-34.2,-0.86,3.573,"terrestrial","nepriv","E1",46.7187237615449,1.65799048418696
"nephrolepis_rivularis","la_selva",3,-34.86,-0.14,3.652,"terrestrial","nepriv","E1",46.3072289156626,2.01615553121578
"nephrolepis_rivularis","la_selva",4,-32.82,0.84,3.609,"terrestrial","nepriv","E1",46.2527015793849,1.50429481850928
"nephrolepis_rivularis","la_selva",5,-33.96,1.02,3.586,"terrestrial","nepriv","E1",45.5909090909091,1.85805911879532
"nephrolepis_rivularis","la_selva",6,-34.55,-0.82,3.516,"terrestrial","nepriv","E1",43.9988623435722,1.73208191126281
"oleandra_articulata","la_selva",1,-33.92,-0.56,3.666,"epiphyte","oleart","E1",43.4470812875068,1.71003818876159
"oleandra_articulata","la_selva",3,-31.46,0.03,3.564,"epiphyte","oleart","E1",43.7721661054994,1.45566778900112
"oleandra_articulata","la_selva",5,-31.36,-1.44,3.641,"epiphyte","oleart","E1",43.1461137050261,1.29414995880253
"oleandra_articulata","la_selva",6,-32.35,1.23,3.561,"epiphyte","oleart","E1",45.6481325470373,1.60263970794721
"oleandra_articulata","la_selva",7,-35.97,-0.17,3.687,"epiphyte","oleart","E1",44.9774884730133,1.18578790344454
"oleandra_articulata","la_selva",8,-35.46,4.02,3.537,"epiphyte","oleart","E1",45.9578739044388,1.63669776646876
"pecluma_pectinata","la_selva",1,-35.5,1.31,3.617,"epiphyte","pecpec","E1",49.178877522809,1.59635056676803
"pecluma_pectinata","la_selva",2,-33.14,0.54,3.518,"epiphyte","pecpec","E1",46.4721432632177,3.06566230812962
"pecluma_pectinata","la_selva",3,-33.24,0.37,3.629,"epiphyte","pecpec","E1",47.4847065307247,1.56379167814825
"pecluma_pectinata","la_selva",4,-33.96,2.34,3.694,"epiphyte","pecpec","E1",48.7512181916622,1.33297238765566
"pecluma_pectinata","la_selva",5,-34.21,2.91,3.686,"epiphyte","pecpec","E1",46.4503526858383,2.69451980466631
"pecluma_pectinata","la_selva",6,-34.1,1.35,3.646,"epiphyte","pecpec","E1",41.5293472298409,2.09489851892485
"pecluma_pectinata","la_selva",10,NA,NA,NA,"epiphyte","pecpec","E1",NA,NA
"phlebodium_aureum","la_selva",1,-32.07,0.64,3.604,"epiphyte","phlaur","E1",46.0133185349612,2.73862375138735
"phlebodium_aureum","la_selva",2,-30.21,1.71,3.652,"epiphyte","phlaur","E1",46.3072289156626,2.56270536692222
"phlebodium_aureum","la_selva",3,-29.51,2.59,3.677,"epiphyte","phlaur","E1",46.8857764481915,3.33206418275769
"phlebodium_aureum","la_selva",4,-29.55,2.39,3.505,"epiphyte","phlaur","E1",46.0659058487874,3.3320970042796
"phlebodium_aureum","la_selva",5,-29.05,2.42,3.586,"epiphyte","phlaur","E1",45.0253764640268,1.98912437255996
"phlebodium_aureum","la_selva",6,-28.54,3.09,3.544,"epiphyte","phlaur","E1",48.0273702031603,3.79853273137697
"phlebodium_aureum","la_selva",7,NA,NA,NA,"epiphyte","phlaur","E1",NA,NA
"phlebodium_aureum","la_selva",8,-31.85,2,3.556,"epiphyte","phlaur","E1",46.6344206974128,2.48790776152981
"pleopeltis_bradeorum","la_selva",1,-34.04,-0.89,3.612,"hemi-epiphyte","plebra","E1",44.9579180509413,1.49861572535991
"pleopeltis_bradeorum","la_selva",2,-34.52,-0.39,3.61,"hemi-epiphyte","plebra","E1",43.7648199445984,2.41468144044321
"pleopeltis_bradeorum","la_selva",3,-35.64,-1.49,3.583,"hemi-epiphyte","plebra","E1",44.7077867708624,2.35277700251185
"pleopeltis_bradeorum","la_selva",4,-35.22,-0.84,3.68,"hemi-epiphyte","plebra","E1",44.7258152173913,3.10380434782609
"pleopeltis_bradeorum","la_selva",5,-34.09,-0.56,3.632,"hemi-epiphyte","plebra","E1",43.1974118942731,1.49834801762114
"pleopeltis_bradeorum","la_selva",6,-31.43,1.15,3.611,"hemi-epiphyte","plebra","E1",45.275270008308,0.886181113265028
"polybotrya_osmundacea","la_selva",1,-37.12,3.53,3.651,"climber","polosm","E1",47.5198575732676,2.42317173377157
"polybotrya_osmundacea","la_selva",2,-34.78,3.18,3.627,"climber","polosm","E1",48.4386545354287,2.37827405569342
"polybotrya_osmundacea","la_selva",3,-36.45,5.17,3.629,"climber","polosm","E1",47.4847065307247,2.2634334527418
"polybotrya_osmundacea","la_selva",4,-35.6,2.94,3.553,"climber","polosm","E1",47.5668449197861,2.6749226006192
"polybotrya_osmundacea","la_selva",5,-34.94,1.5,3.642,"climber","polosm","E1",47.0115321252059,2.70730367929708
"polybotrya_osmundacea","la_selva",6,-35.91,2.67,3.628,"climber","polosm","E1",47.8029217199559,2.40270121278942
"salpichlaena_volubilis","la_selva",1,-36.52,4.06,3.517,"terrestrial","salvol","E2",41.8100653966449,2.64117145294285
"salpichlaena_volubilis","la_selva",2,-33.99,4.4,3.656,"terrestrial","salvol","E2",38.4332603938731,2.46252735229759
"salpichlaena_volubilis","la_selva",3,-35.91,3.18,3.585,"terrestrial","salvol","E2",43.1520223152022,2.79023709902371
"salpichlaena_volubilis","la_selva",4,-35.39,2.78,3.665,"terrestrial","salvol","E2",38.9323328785812,2.37844474761255
"salpichlaena_volubilis","la_selva",5,-36.53,3.14,3.666,"terrestrial","salvol","E2",39.2187670485543,2.51445717403164
"salpichlaena_volubilis","la_selva",6,-33.97,2.53,3.503,"terrestrial","salvol","E2",35.7873251498715,2.63145874964316
"serpocaulon_loriciforme","la_selva",10,-35.01,1.43,3.672,"epiphyte","serlor","E1",44.8635620915033,2.94498910675381
"serpocaulon_loriciforme","la_selva",9,-34.72,1.94,3.588,"epiphyte","serlor","E1",45.6092530657748,3.33500557413601
"serpocaulon_loriciforme","la_selva",3,-35.21,2.5,3.661,"epiphyte","serlor","E1",43.208413001912,2.87462441955749
"serpocaulon_loriciforme","la_selva",4,-33.65,-1.41,3.564,"epiphyte","serlor","E1",45.9163860830527,3.77721661054994
"serpocaulon_loriciforme","la_selva",12,-33.48,-1.23,3.571,"epiphyte","serlor","E1",44.6029123494819,3.0078409409129
"serpocaulon_loriciforme","la_selva",6,-34.57,1.22,3.692,"epiphyte","serlor","E1",46.6952871072589,3.60807150595883
"tectaria_incisa","la_selva",1,-33.61,2,3.55,"terrestrial","tecinc","E1",43.6377464788733,3.49154929577464
"tectaria_incisa","la_selva",2,-32.78,-0.52,3.501,"terrestrial","tecinc","E1",45.1273921736647,4.34247357897743
"tectaria_incisa","la_selva",3,-33.55,0.99,3.507,"terrestrial","tecinc","E1",44.1117764471058,4.19646421442829
"tectaria_incisa","la_selva",4,-33.73,0.41,3.522,"terrestrial","tecinc","E1",44.2941510505395,3.78222600795003
"tectaria_incisa","la_selva",5,-32.94,0.15,3.578,"terrestrial","tecinc","E1",45.1260480715484,4.23476802683064
"tectaria_incisa","la_selva",6,-35.49,-0.01,3.683,"terrestrial","tecinc","E1",44.7295682867228,3.57833288080369
"thelypteris_curtii","la_selva",1,-33.96,1.35,3.602,"terrestrial","thecur","E2",44.8253747917823,3.00222098833981
"thelypteris_curtii","la_selva",2,-33.8,1.45,3.551,"terrestrial","thecur","E2",40.5601239087581,2.6972683751056
"thelypteris_curtii","la_selva",3,-34.62,3.56,3.675,"terrestrial","thecur","E2",44.2321088435374,2.62612244897958
"thelypteris_curtii","la_selva",4,-34.43,2.8,3.631,"terrestrial","thecur","E2",39.5968052877995,2.18286973285596
"thelypteris_curtii","la_selva",5,-36.17,0.66,3.629,"terrestrial","thecur","E2",40.8870212179664,2.97988426563792
"thelypteris_curtii","la_selva",6,-34.36,1.58,3.636,"terrestrial","thecur","E2",44.7065456545655,2.53382838283829
"thelypteris_dentata","la_selva",1,-34.54,2.04,3.696,"terrestrial","theden","E2",43.9361471861472,3.03300865800865
"thelypteris_dentata","la_selva",2,-31.98,2.78,3.63,"terrestrial","theden","E2",44.431955922865,2.44077134986226
"thelypteris_dentata","la_selva",3,-34.37,2.4,3.638,"terrestrial","theden","E2",46.1517317207257,3.31445849367784
"thelypteris_dentata","la_selva",4,-33.68,1.27,3.599,"terrestrial","theden","E2",44.2036676854682,3.70158377327036
"thelypteris_dentata","la_selva",6,-34.7,1.41,3.56,"terrestrial","theden","E2",44.6879213483146,3.00955056179775
"thelypteris_nicaraguensis","la_selva",1,-35.77,1.8,3.65,"terrestrial","thenic","E2",39.6890410958904,3.07123287671233
"thelypteris_nicaraguensis","la_selva",2,-36.48,0.74,3.516,"terrestrial","thenic","E2",42.7536973833902,3.54948805460751
"thelypteris_nicaraguensis","la_selva",3,-35.43,2.39,3.698,"terrestrial","thenic","E2",42.72336398053,3.03136830719307
"thelypteris_nicaraguensis","la_selva",4,-37.92,-0.88,3.525,"terrestrial","thenic","E2",39.8615602836879,3.28056737588652
"thelypteris_nicaraguensis","la_selva",5,-35.6,2.82,3.59,"terrestrial","thenic","E2",38.8373259052925,2.88551532033426
"thelypteris_nicaraguensis","la_selva",6,-35.67,0.76,3.536,"terrestrial","thenic","E2",42.2027714932127,2.54609728506787
"asplenium_uniseriale","las_cruces",1,-34.03,-2.29,3.129,"terrestrial","aspuni","E2",46.69,3.99
"asplenium_uniseriale","las_cruces",2,-31.5,-2.01,3.169,"terrestrial","aspuni","E2",47.43,3.76
"asplenium_uniseriale","las_cruces",3,-35.04,-1.97,3.165,"terrestrial","aspuni","E2",47.52,3.52
"asplenium_uniseriale","las_cruces",4,-32.64,0.1,3.05,"terrestrial","aspuni","E2",47.47,2.94
"asplenium_uniseriale","las_cruces",5,-32.69,-2.16,3.295,"terrestrial","aspuni","E2",48.84,4.24
"asplenium_uniseriale","las_cruces",6,-35.08,-0.93,3.219,"terrestrial","aspuni","E2",47.45,3.22
"blechnum_schiedeanum","las_cruces",1,-29.52,-3.74,3.23,"terrestrial","bleschi","E2",45.22,1.37
"blechnum_schiedeanum","las_cruces",2,-28.57,-3.15,3.197,"terrestrial","bleschi","E2",44.32,1.46
"blechnum_schiedeanum","las_cruces",3,-29.01,-4.2,3.307,"terrestrial","bleschi","E2",46.19,1.45
"blechnum_schiedeanum","las_cruces",4,-27.49,-4.53,3.223,"terrestrial","bleschi","E2",46.99,1.44
"blechnum_schiedeanum","las_cruces",5,-28.71,-4.07,3.253,"terrestrial","bleschi","E2",44.27,1.11
"blechnum_schiedeanum","las_cruces",6,-27.57,-3.81,3.112,"terrestrial","bleschi","E2",44.17,1.21
"diplazium_atirrense","las_cruces",1,-33.96,0.24,3.209,"terrestrial","dipati","E2",45.64,3.34
"diplazium_atirrense","las_cruces",2,-36,-1.03,1.459,"terrestrial","dipati","E2",40.43,3.88
"diplazium_atirrense","las_cruces",3,-36.13,0.19,2.949,"terrestrial","dipati","E2",43,3.29
"diplazium_atirrense","las_cruces",4,-35.65,0.3,2.975,"terrestrial","dipati","E2",40.25,3.21
"diplazium_atirrense","las_cruces",5,-36.57,-2.51,2.943,"terrestrial","dipati","E2",40.88,3.79
"diplazium_atirrense","las_cruces",6,-35.77,-1.04,2.912,"terrestrial","dipati","E2",41.39,2.83
"diplazium_prominulum","las_cruces",1,-36.07,1,3.22,"terrestrial","dippro","E2",43.42,3.37
"diplazium_prominulum","las_cruces",2,-36.05,-0.26,3.141,"terrestrial","dippro","E2",42.75,4.13
"diplazium_prominulum","las_cruces",3,-35.89,-1.59,3.121,"terrestrial","dippro","E2",41.55,3.9
"diplazium_prominulum","las_cruces",4,-37.69,0.6,2.957,"terrestrial","dippro","E2",42.18,3.58
"diplazium_prominulum","las_cruces",5,-36.85,1.01,3.012,"terrestrial","dippro","E2",42.69,4.09
"diplazium_prominulum","las_cruces",6,-36.58,1.72,3.105,"terrestrial","dippro","E2",42.44,3.77
"dryopteris_patula","las_cruces",1,-33.54,1.56,3.149,"epiphyte","drypat","E1",48.47,1.96
"dryopteris_patula","las_cruces",2,-32.71,-1.08,3.211,"epiphyte","drypat","E1",46.95,1.1
"dryopteris_patula","las_cruces",3,-33.2,0.55,3.12,"epiphyte","drypat","E1",49.62,1.53
"dryopteris_patula","las_cruces",4,-32.77,-1.65,2.968,"epiphyte","drypat","E1",47.97,1.58
"dryopteris_patula","las_cruces",5,-34.57,-4.13,3.543,"epiphyte","drypat","E1",48.42,2.16
"dryopteris_patula","las_cruces",6,-32.89,-2.22,3.217,"epiphyte","drypat","E1",47.7,1.99
"elaphoglossum_decursivum","las_cruces",1,-32.75,-4.64,3.289,"epiphyte","eladec","E1",44.03,1.7
"elaphoglossum_decursivum","las_cruces",2,-35,-1.43,3.326,"epiphyte","eladec","E1",50.93,2.32
"elaphoglossum_decursivum","las_cruces",3,-31.87,-3.69,3.113,"epiphyte","eladec","E1",48.15,1.28
"elaphoglossum_decursivum","las_cruces",4,-32.87,-6.14,3.151,"epiphyte","eladec","E1",47.99,0.72
"elaphoglossum_decursivum","las_cruces",5,-33.97,-4.96,3.113,"epiphyte","eladec","E1",46.21,2.31
"elaphoglossum_decursivum","las_cruces",6,-34.44,-3.45,3.154,"epiphyte","eladec","E1",46.84,1.9
"lomariopsis_maxonii","las_cruces",1,-33.93,0.55,3.139,"hemi-epiphyte","lommax","out",48.05,3.78
"lomariopsis_maxonii","las_cruces",2,-33.93,0.85,3.233,"hemi-epiphyte","lommax","out",48.72,4.24
"lomariopsis_maxonii","las_cruces",3,-33.81,0.64,2.971,"hemi-epiphyte","lommax","out",46.82,3.62
"lomariopsis_maxonii","las_cruces",4,-33.36,1.12,3.012,"hemi-epiphyte","lommax","out",49.19,3.53
"lomariopsis_maxonii","las_cruces",5,-32.54,0.73,2.987,"hemi-epiphyte","lommax","out",48.92,4.25
"lomariopsis_maxonii","las_cruces",6,-34.12,1.43,3.49,"hemi-epiphyte","lommax","out",42,3.98
"nephrolepis_brownii","las_cruces",1,-32.93,0.7,3.055,"terrestrial","nepbro","E1",46.76,4.2
"nephrolepis_brownii","las_cruces",2,-32.81,0.22,3.08,"terrestrial","nepbro","E1",47.09,4.91
"nephrolepis_brownii","las_cruces",3,-32.05,-0.88,3.297,"terrestrial","nepbro","E1",48.23,4.02
"nephrolepis_brownii","las_cruces",4,-32.85,-0.05,3.342,"terrestrial","nepbro","E1",47.66,4.71
"nephrolepis_brownii","las_cruces",5,-34.04,0.26,3.069,"terrestrial","nepbro","E1",47.3,3.92
"nephrolepis_brownii","las_cruces",6,-33.36,0.87,3.017,"terrestrial","nepbro","E1",47.02,3.88
"niphidium_crassifolium","las_cruces",1,-32.91,-1.5,2.999,"epiphyte","nipcra","E1",44.6,1.92
"niphidium_crassifolium","las_cruces",2,-33.07,-2.01,2.915,"epiphyte","nipcra","E1",43.17,1.88
"niphidium_crassifolium","las_cruces",3,-28.21,1.73,3.251,"epiphyte","nipcra","E1",47.67,1.41
"niphidium_crassifolium","las_cruces",4,-29.7,-0.82,2.924,"epiphyte","nipcra","E1",47.12,2.59
"niphidium_crassifolium","las_cruces",5,-31.19,-2.01,3.167,"epiphyte","nipcra","E1",44.84,1.37
"niphidium_crassifolium","las_cruces",6,-27.99,1.97,3.154,"epiphyte","nipcra","E1",46.78,3.49
"oleandra_costaricensis","las_cruces",1,-30.36,-3.18,3.06,"terrestrial","olecos","E1",50.2,1.25
"oleandra_costaricensis","las_cruces",2,-30.01,-3.32,3.231,"terrestrial","olecos","E1",50.61,0.8
"oleandra_costaricensis","las_cruces",3,-28.65,-1.16,2.944,"terrestrial","olecos","E1",49.35,1.09
"oleandra_costaricensis","las_cruces",4,-30.44,-2.08,3.163,"terrestrial","olecos","E1",49.49,1.16
"oleandra_costaricensis","las_cruces",5,-30.63,-2.95,3.062,"terrestrial","olecos","E1",50.26,0.81
"oleandra_costaricensis","las_cruces",6,-30.78,-2.71,3.021,"terrestrial","olecos","E1",50.39,0.8
"olfersia_cervina","las_cruces",1,-31.9,-0.12,3.215,"terrestrial","olfcer","E1",52.58,2.09
"olfersia_cervina","las_cruces",2,-33.16,-1.78,3.02,"terrestrial","olfcer","E1",51.96,1.55
"olfersia_cervina","las_cruces",3,-31.39,-0.14,3.315,"terrestrial","olfcer","E1",53.46,1.9
"olfersia_cervina","las_cruces",4,-33.2,-0.53,3,"terrestrial","olfcer","E1",50.76,1.81
"olfersia_cervina","las_cruces",5,-33.33,-1.14,3.329,"terrestrial","olfcer","E1",52.6,1.95
"olfersia_cervina","las_cruces",6,-31.19,-0.42,3.21,"terrestrial","olfcer","E1",52.01,2.2
"parapolystichum_excultum","las_cruces",1,-35.59,-1.85,2.947,"terrestrial","parexc","E1",49.25,3.99
"parapolystichum_excultum","las_cruces",2,-34.03,-2.58,3.002,"terrestrial","parexc","E1",48.5,2.12
"parapolystichum_excultum","las_cruces",3,-35.46,-0.99,2.995,"terrestrial","parexc","E1",50.13,3.95
"parapolystichum_excultum","las_cruces",4,-32.75,-0.14,3.052,"terrestrial","parexc","E1",50.56,2.06
"parapolystichum_excultum","las_cruces",5,-34.59,-1.4,3.048,"terrestrial","parexc","E1",49.95,4.65
"parapolystichum_excultum","las_cruces",6,-34.02,-2.36,3.042,"terrestrial","parexc","E1",49.99,2.53
"serpocaulon_fraxinifolium","las_cruces",1,-33.3,-0.38,3.108,"epiphyte","serfra","E1",45.8,1.53
"serpocaulon_fraxinifolium","las_cruces",2,-30.45,0.64,3.081,"epiphyte","serfra","E1",46.39,1.71
"serpocaulon_fraxinifolium","las_cruces",3,-31.85,-2.06,3.014,"epiphyte","serfra","E1",45.99,1.09
"serpocaulon_fraxinifolium","las_cruces",4,-32.22,-2.37,2.917,"epiphyte","serfra","E1",45.42,1.3
"serpocaulon_fraxinifolium","las_cruces",5,-27.57,0.55,3.033,"epiphyte","serfra","E1",48.62,1.73
"serpocaulon_fraxinifolium","las_cruces",6,-30.56,-0.59,3.213,"epiphyte","serfra","E1",45.89,1.15
"serpocaulon_triseriale","las_cruces",1,-32.55,0.77,3.112,"epiphyte","sertri","E1",46.63,1.88
"serpocaulon_triseriale","las_cruces",2,-31.68,1.32,3.062,"epiphyte","sertri","E1",48.7,2.39
"serpocaulon_triseriale","las_cruces",3,-30.17,-0.61,3.234,"epiphyte","sertri","E1",47.23,1.67
"serpocaulon_triseriale","las_cruces",4,-31.29,-1.47,3.109,"epiphyte","sertri","E1",47.88,1.3
"serpocaulon_triseriale","las_cruces",5,-30.11,-1.49,3.236,"epiphyte","sertri","E1",48.21,1.64
"serpocaulon_triseriale","las_cruces",6,-30.04,-1.38,3.185,"epiphyte","sertri","E1",47.94,1.83
