"site","species","plant_no","disk","fov_mm2","sd_cm2","sd_mm2","niche","genusspecies","group"
"la_selva","asplenium_auritum",1,1,0.16,0.256944444444444,25.6944444444444,"epiphyte","aspaur","E2"
"la_selva","asplenium_auritum",1,2,0.16,0.368055555555556,36.8055555555556,"epiphyte","aspaur","E2"
"la_selva","asplenium_auritum",1,3,0.16,0.256944444444444,25.6944444444444,"epiphyte","aspaur","E2"
"la_selva","asplenium_auritum",2,1,0.16,0.25,25,"epiphyte","aspaur","E2"
"la_selva","asplenium_auritum",2,2,0.16,0.305555555555556,30.5555555555556,"epiphyte","aspaur","E2"
"la_selva","asplenium_auritum",2,3,0.16,0.388888888888889,38.8888888888889,"epiphyte","aspaur","E2"
"la_selva","asplenium_auritum",3,1,0.16,0.194444444444444,19.4444444444444,"epiphyte","aspaur","E2"
"la_selva","asplenium_auritum",3,2,0.16,0.166666666666667,16.6666666666667,"epiphyte","aspaur","E2"
"la_selva","asplenium_auritum",3,3,0.16,0.180555555555556,18.0555555555556,"epiphyte","aspaur","E2"
"la_selva","asplenium_auritum",4,1,0.16,0.548611111111111,54.8611111111111,"epiphyte","aspaur","E2"
"la_selva","asplenium_auritum",4,2,0.16,0.558333333333333,55.8333333333333,"epiphyte","aspaur","E2"
"la_selva","asplenium_auritum",4,3,0.16,0.583333333333333,58.3333333333333,"epiphyte","aspaur","E2"
"la_selva","asplenium_auritum",5,1,0.16,0.305555555555556,30.5555555555556,"epiphyte","aspaur","E2"
"la_selva","asplenium_auritum",5,2,0.16,0.3125,31.25,"epiphyte","aspaur","E2"
"la_selva","asplenium_auritum",5,3,0.16,0.291666666666667,29.1666666666667,"epiphyte","aspaur","E2"
"la_selva","asplenium_auritum",6,1,0.16,0.305555555555556,30.5555555555556,"epiphyte","aspaur","E2"
"la_selva","asplenium_auritum",6,2,0.16,0.308333333333333,30.8333333333333,"epiphyte","aspaur","E2"
"la_selva","asplenium_auritum",6,3,0.16,0.270833333333333,27.0833333333333,"epiphyte","aspaur","E2"
"la_selva","asplenium_juglandifolium",1,1,0.166,0.307898259705489,30.7898259705489,"epiphyte","aspjug","E2"
"la_selva","asplenium_juglandifolium",1,2,0.166,0.267737617135207,26.7737617135207,"epiphyte","aspjug","E2"
"la_selva","asplenium_juglandifolium",1,3,0.166,0.287817938420348,28.7817938420348,"epiphyte","aspjug","E2"
"la_selva","asplenium_juglandifolium",2,1,0.166,0.287817938420348,28.7817938420348,"epiphyte","aspjug","E2"
"la_selva","asplenium_juglandifolium",2,2,0.166,0.227576974564926,22.7576974564926,"epiphyte","aspjug","E2"
"la_selva","asplenium_juglandifolium",2,3,0.166,0.220883534136546,22.0883534136546,"epiphyte","aspjug","E2"
"la_selva","asplenium_juglandifolium",3,1,0.166,0.267737617135207,26.7737617135207,"epiphyte","aspjug","E2"
"la_selva","asplenium_juglandifolium",3,2,0.166,0.167336010709505,16.7336010709505,"epiphyte","aspjug","E2"
"la_selva","asplenium_juglandifolium",3,3,0.166,0.247657295850067,24.7657295850067,"epiphyte","aspjug","E2"
"la_selva","asplenium_juglandifolium",4,1,0.166,0.187416331994645,18.7416331994645,"epiphyte","aspjug","E2"
"la_selva","asplenium_juglandifolium",4,2,0.166,0.227576974564926,22.7576974564926,"epiphyte","aspjug","E2"
"la_selva","asplenium_juglandifolium",4,3,0.166,0.254350736278447,25.4350736278447,"epiphyte","aspjug","E2"
"la_selva","asplenium_juglandifolium",5,1,0.166,0.160642570281124,16.0642570281124,"epiphyte","aspjug","E2"
"la_selva","asplenium_juglandifolium",5,2,0.166,0.113788487282463,11.3788487282463,"epiphyte","aspjug","E2"
"la_selva","asplenium_juglandifolium",5,3,0.166,0.120481927710843,12.0481927710843,"epiphyte","aspjug","E2"
"la_selva","asplenium_serratum",1,1,0.166,0.153949129852744,15.3949129852744,"epiphyte","aspser","E2"
"la_selva","asplenium_serratum",1,2,0.166,0.113788487282463,11.3788487282463,"epiphyte","aspser","E2"
"la_selva","asplenium_serratum",1,3,0.166,0.127175368139224,12.7175368139224,"epiphyte","aspser","E2"
"la_selva","asplenium_serratum",2,1,0.166,0.127175368139224,12.7175368139224,"epiphyte","aspser","E2"
"la_selva","asplenium_serratum",2,2,0.166,0.147255689424364,14.7255689424364,"epiphyte","aspser","E2"
"la_selva","asplenium_serratum",2,3,0.166,0.160642570281124,16.0642570281125,"epiphyte","aspser","E2"
"la_selva","asplenium_serratum",3,1,0.166,0.133868808567604,13.3868808567604,"epiphyte","aspser","E2"
"la_selva","asplenium_serratum",3,2,0.166,0.113788487282463,11.3788487282463,"epiphyte","aspser","E2"
"la_selva","asplenium_serratum",3,3,0.166,0.100401606425703,10.0401606425703,"epiphyte","aspser","E2"
"la_selva","asplenium_serratum",4,1,0.166,0.0870147255689424,8.70147255689424,"epiphyte","aspser","E2"
"la_selva","asplenium_serratum",4,2,0.166,0.100401606425703,10.0401606425703,"epiphyte","aspser","E2"
"la_selva","asplenium_serratum",4,3,0.166,0.0937081659973226,9.37081659973226,"epiphyte","aspser","E2"
"la_selva","asplenium_serratum",5,1,0.166,0.140562248995984,14.0562248995984,"epiphyte","aspser","E2"
"la_selva","asplenium_serratum",5,2,0.166,0.133868808567604,13.3868808567604,"epiphyte","aspser","E2"
"la_selva","asplenium_serratum",5,3,0.166,0.133868808567604,13.3868808567604,"epiphyte","aspser","E2"
"la_selva","asplenium_serratum",6,1,0.166,0.153949129852744,15.3949129852744,"epiphyte","aspser","E2"
"la_selva","asplenium_serratum",6,2,0.166,0.176706827309237,17.6706827309237,"epiphyte","aspser","E2"
"la_selva","asplenium_serratum",6,3,0.166,0.140562248995984,14.0562248995984,"epiphyte","aspser","E2"
"la_selva","blechnum_occidentale",1,1,0.16,0.326388888888889,32.6388888888889,"terrestrial","bleocc","E2"
"la_selva","blechnum_occidentale",1,2,0.16,0.347222222222222,34.7222222222222,"terrestrial","bleocc","E2"
"la_selva","blechnum_occidentale",1,3,0.16,0.215277777777778,21.5277777777778,"terrestrial","bleocc","E2"
"la_selva","blechnum_occidentale",2,1,0.16,0.270833333333333,27.0833333333333,"terrestrial","bleocc","E2"
"la_selva","blechnum_occidentale",2,2,0.16,0.270833333333333,27.0833333333333,"terrestrial","bleocc","E2"
"la_selva","blechnum_occidentale",2,3,0.16,0.395833333333333,39.5833333333333,"terrestrial","bleocc","E2"
"la_selva","blechnum_occidentale",3,1,0.16,0.458333333333333,45.8333333333333,"terrestrial","bleocc","E2"
"la_selva","blechnum_occidentale",3,2,0.16,0.465277777777778,46.5277777777778,"terrestrial","bleocc","E2"
"la_selva","blechnum_occidentale",3,3,0.16,0.444444444444444,44.4444444444444,"terrestrial","bleocc","E2"
"la_selva","blechnum_occidentale",4,1,0.16,0.375,37.5,"terrestrial","bleocc","E2"
"la_selva","blechnum_occidentale",4,2,0.16,0.2625,26.25,"terrestrial","bleocc","E2"
"la_selva","blechnum_occidentale",4,3,0.16,0.229166666666667,22.9166666666667,"terrestrial","bleocc","E2"
"la_selva","blechnum_occidentale",5,1,0.16,0.402777777777778,40.2777777777778,"terrestrial","bleocc","E2"
"la_selva","blechnum_occidentale",5,2,0.16,0.470833333333333,47.0833333333333,"terrestrial","bleocc","E2"
"la_selva","blechnum_occidentale",5,3,0.16,0.354166666666667,35.4166666666667,"terrestrial","bleocc","E2"
"la_selva","blechnum_occidentale",6,1,0.16,0.611111111111111,61.1111111111111,"terrestrial","bleocc","E2"
"la_selva","blechnum_occidentale",6,2,0.16,0.520833333333333,52.0833333333333,"terrestrial","bleocc","E2"
"la_selva","blechnum_occidentale",6,3,0.16,0.534722222222222,53.4722222222222,"terrestrial","bleocc","E2"
"la_selva","campyloneurum_brevifolium",1,1,0.16,0.465277777777778,46.5277777777778,"epiphyte","cambre","E1"
"la_selva","campyloneurum_brevifolium",1,2,0.16,0.423611111111111,42.3611111111111,"epiphyte","cambre","E1"
"la_selva","campyloneurum_brevifolium",1,3,0.16,0.4375,43.75,"epiphyte","cambre","E1"
"la_selva","campyloneurum_brevifolium",2,1,0.16,0.333333333333333,33.3333333333333,"epiphyte","cambre","E1"
"la_selva","campyloneurum_brevifolium",2,2,0.16,0.381944444444444,38.1944444444444,"epiphyte","cambre","E1"
"la_selva","campyloneurum_brevifolium",2,3,0.16,0.416666666666667,41.6666666666667,"epiphyte","cambre","E1"
"la_selva","campyloneurum_brevifolium",3,1,0.16,0.5,50,"epiphyte","cambre","E1"
"la_selva","campyloneurum_brevifolium",3,2,0.16,0.548611111111111,54.8611111111111,"epiphyte","cambre","E1"
"la_selva","campyloneurum_brevifolium",3,3,0.16,0.5,50,"epiphyte","cambre","E1"
"la_selva","campyloneurum_brevifolium",4,1,0.16,0.534722222222222,53.4722222222222,"epiphyte","cambre","E1"
"la_selva","campyloneurum_brevifolium",4,2,0.16,0.5125,51.25,"epiphyte","cambre","E1"
"la_selva","campyloneurum_brevifolium",4,3,0.16,0.583333333333333,58.3333333333333,"epiphyte","cambre","E1"
"la_selva","campyloneurum_brevifolium",5,1,0.16,0.465277777777778,46.5277777777778,"epiphyte","cambre","E1"
"la_selva","campyloneurum_brevifolium",5,2,0.16,0.5125,51.25,"epiphyte","cambre","E1"
"la_selva","campyloneurum_brevifolium",5,3,0.16,0.625,62.5,"epiphyte","cambre","E1"
"la_selva","campyloneurum_brevifolium",6,1,0.16,0.4375,43.75,"epiphyte","cambre","E1"
"la_selva","campyloneurum_brevifolium",6,2,0.16,0.445833333333333,44.5833333333333,"epiphyte","cambre","E1"
"la_selva","campyloneurum_brevifolium",6,3,0.16,0.416666666666667,41.6666666666667,"epiphyte","cambre","E1"
"la_selva","christella_dentata",1,1,0.16,1.01388888888889,101.388888888889,"terrestrial","theden","E2"
"la_selva","christella_dentata",1,2,0.16,1.29166666666667,129.166666666667,"terrestrial","theden","E2"
"la_selva","christella_dentata",1,3,0.16,1.06944444444444,106.944444444444,"terrestrial","theden","E2"
"la_selva","christella_dentata",2,1,0.16,0.847222222222222,84.7222222222222,"terrestrial","theden","E2"
"la_selva","christella_dentata",2,2,0.16,1.06944444444444,106.944444444444,"terrestrial","theden","E2"
"la_selva","christella_dentata",3,1,0.16,0.965277777777778,96.5277777777778,"terrestrial","theden","E2"
"la_selva","christella_dentata",3,2,0.16,1.07638888888889,107.638888888889,"terrestrial","theden","E2"
"la_selva","christella_dentata",3,3,0.16,1.00694444444444,100.694444444444,"terrestrial","theden","E2"
"la_selva","christella_dentata",4,1,0.16,1.22222222222222,122.222222222222,"terrestrial","theden","E2"
"la_selva","christella_dentata",4,2,0.16,1.17083333333333,117.083333333333,"terrestrial","theden","E2"
"la_selva","christella_dentata",4,3,0.16,1.125,112.5,"terrestrial","theden","E2"
"la_selva","christella_dentata",6,1,0.16,1.04861111111111,104.861111111111,"terrestrial","theden","E2"
"la_selva","christella_dentata",6,2,0.16,1.14583333333333,114.583333333333,"terrestrial","theden","E2"
"la_selva","christella_dentata",6,3,0.16,1.02083333333333,102.083333333333,"terrestrial","theden","E2"
"la_selva","cyclopeltis_semicordata",2,1,0.166,0.448460508701473,44.8460508701473,"terrestrial","cycsem","E1"
"la_selva","cyclopeltis_semicordata",2,2,0.166,0.421686746987952,42.1686746987952,"terrestrial","cycsem","E1"
"la_selva","cyclopeltis_semicordata",2,3,0.166,0.508701472556894,50.8701472556894,"terrestrial","cycsem","E1"
"la_selva","cyclopeltis_semicordata",3,1,0.166,0.481927710843373,48.1927710843373,"terrestrial","cycsem","E1"
"la_selva","cyclopeltis_semicordata",3,2,0.166,0.495314591700134,49.5314591700134,"terrestrial","cycsem","E1"
"la_selva","cyclopeltis_semicordata",3,3,0.166,0.495314591700134,49.5314591700134,"terrestrial","cycsem","E1"
"la_selva","cyclopeltis_semicordata",4,1,0.166,0.448460508701473,44.8460508701473,"terrestrial","cycsem","E1"
"la_selva","cyclopeltis_semicordata",4,2,0.166,0.477911646586345,47.7911646586345,"terrestrial","cycsem","E1"
"la_selva","cyclopeltis_semicordata",4,3,0.166,0.421686746987952,42.1686746987952,"terrestrial","cycsem","E1"
"la_selva","cyclopeltis_semicordata",6,1,0.166,0.548862115127175,54.8862115127175,"terrestrial","cycsem","E1"
"la_selva","cyclopeltis_semicordata",6,2,0.166,0.515394912985274,51.5394912985274,"terrestrial","cycsem","E1"
"la_selva","cyclopeltis_semicordata",6,3,0.166,0.522088353413655,52.2088353413655,"terrestrial","cycsem","E1"
"la_selva","cyclopeltis_semicordata",7,1,0.166,0.502008032128514,50.2008032128514,"terrestrial","cycsem","E1"
"la_selva","cyclopeltis_semicordata",7,2,0.166,0.568942436412316,56.8942436412316,"terrestrial","cycsem","E1"
"la_selva","cyclopeltis_semicordata",7,3,0.166,0.555555555555556,55.5555555555556,"terrestrial","cycsem","E1"
"la_selva","cyclopeltis_semicordata",8,1,0.166,0.528781793842035,52.8781793842035,"terrestrial","cycsem","E1"
"la_selva","cyclopeltis_semicordata",8,2,0.166,0.542168674698795,54.2168674698795,"terrestrial","cycsem","E1"
"la_selva","cyclopeltis_semicordata",8,3,0.166,0.548862115127175,54.8862115127175,"terrestrial","cycsem","E1"
"la_selva","diplazium_striatastrum",1,1,0.16,1.125,112.5,"terrestrial","dipstr","E2"
"la_selva","diplazium_striatastrum",1,2,0.16,0.993055555555556,99.3055555555556,"terrestrial","dipstr","E2"
"la_selva","diplazium_striatastrum",1,3,0.16,1.23611111111111,123.611111111111,"terrestrial","dipstr","E2"
"la_selva","diplazium_striatastrum",2,1,0.16,0.979166666666667,97.9166666666667,"terrestrial","dipstr","E2"
"la_selva","diplazium_striatastrum",2,2,0.16,1.04861111111111,104.861111111111,"terrestrial","dipstr","E2"
"la_selva","diplazium_striatastrum",2,3,0.16,1.18055555555556,118.055555555556,"terrestrial","dipstr","E2"
"la_selva","diplazium_striatastrum",3,1,0.16,1.02083333333333,102.083333333333,"terrestrial","dipstr","E2"
"la_selva","diplazium_striatastrum",3,2,0.16,1.10416666666667,110.416666666667,"terrestrial","dipstr","E2"
"la_selva","diplazium_striatastrum",3,3,0.16,1.09722222222222,109.722222222222,"terrestrial","dipstr","E2"
"la_selva","diplazium_striatastrum",4,1,0.16,1.15972222222222,115.972222222222,"terrestrial","dipstr","E2"
"la_selva","diplazium_striatastrum",4,2,0.16,1.125,112.5,"terrestrial","dipstr","E2"
"la_selva","diplazium_striatastrum",4,3,0.16,1.16666666666667,116.666666666667,"terrestrial","dipstr","E2"
"la_selva","diplazium_striatastrum",5,1,0.16,1.04861111111111,104.861111111111,"terrestrial","dipstr","E2"
"la_selva","diplazium_striatastrum",5,2,0.16,1.02083333333333,102.083333333333,"terrestrial","dipstr","E2"
"la_selva","diplazium_striatastrum",5,3,0.16,1.02083333333333,102.083333333333,"terrestrial","dipstr","E2"
"la_selva","diplazium_striatastrum",6,1,0.16,1.05555555555556,105.555555555556,"terrestrial","dipstr","E2"
"la_selva","diplazium_striatastrum",6,2,0.16,1.15833333333333,115.833333333333,"terrestrial","dipstr","E2"
"la_selva","diplazium_striatastrum",6,3,0.16,0.875,87.5,"terrestrial","dipstr","E2"
"la_selva","elaphoglossum_amygdalifolium",1,1,0.159,0.0698812019566736,6.98812019566736,"hemi-epiphyte","elaamy","E1"
"la_selva","elaphoglossum_amygdalifolium",1,2,0.159,0.0908455625436757,9.08455625436758,"hemi-epiphyte","elaamy","E1"
"la_selva","elaphoglossum_amygdalifolium",1,3,0.159,0.0698812019566736,6.98812019566736,"hemi-epiphyte","elaamy","E1"
"la_selva","elaphoglossum_amygdalifolium",2,1,0.159,0.0978336827393431,9.78336827393431,"hemi-epiphyte","elaamy","E1"
"la_selva","elaphoglossum_amygdalifolium",2,2,0.159,0.0908455625436757,9.08455625436757,"hemi-epiphyte","elaamy","E1"
"la_selva","elaphoglossum_amygdalifolium",2,3,0.159,0.076869322152341,7.6869322152341,"hemi-epiphyte","elaamy","E1"
"la_selva","elaphoglossum_amygdalifolium",3,1,0.159,0.0628930817610063,6.28930817610063,"hemi-epiphyte","elaamy","E1"
"la_selva","elaphoglossum_amygdalifolium",3,2,0.159,0.153738644304682,15.3738644304682,"hemi-epiphyte","elaamy","E1"
"la_selva","elaphoglossum_amygdalifolium",3,3,0.159,0.13277428371768,13.277428371768,"hemi-epiphyte","elaamy","E1"
"la_selva","elaphoglossum_amygdalifolium",4,1,0.159,0.10482180293501,10.482180293501,"hemi-epiphyte","elaamy","E1"
"la_selva","elaphoglossum_amygdalifolium",4,2,0.159,0.0964360587002096,9.64360587002096,"hemi-epiphyte","elaamy","E1"
"la_selva","elaphoglossum_amygdalifolium",4,3,0.159,0.0838574423480084,8.38574423480084,"hemi-epiphyte","elaamy","E1"
"la_selva","elaphoglossum_amygdalifolium",5,1,0.159,0.076869322152341,7.6869322152341,"hemi-epiphyte","elaamy","E1"
"la_selva","elaphoglossum_amygdalifolium",5,2,0.159,0.0628930817610063,6.28930817610063,"hemi-epiphyte","elaamy","E1"
"la_selva","elaphoglossum_amygdalifolium",5,3,0.159,0.0628930817610063,6.28930817610063,"hemi-epiphyte","elaamy","E1"
"la_selva","elaphoglossum_amygdalifolium",6,1,0.159,0.0698812019566736,6.98812019566736,"hemi-epiphyte","elaamy","E1"
"la_selva","elaphoglossum_amygdalifolium",6,2,0.159,0.0908455625436757,9.08455625436758,"hemi-epiphyte","elaamy","E1"
"la_selva","elaphoglossum_amygdalifolium",6,3,0.159,0.0698812019566736,6.98812019566736,"hemi-epiphyte","elaamy","E1"
"la_selva","elaphoglossum_herminieri",1,1,0.159,0.223619846261356,22.3619846261356,"epiphyte","elaher","E1"
"la_selva","elaphoglossum_herminieri",1,2,0.159,0.251572327044025,25.1572327044025,"epiphyte","elaher","E1"
"la_selva","elaphoglossum_herminieri",1,3,0.159,0.251572327044025,25.1572327044025,"epiphyte","elaher","E1"
"la_selva","elaphoglossum_herminieri",2,1,0.159,0.26554856743536,26.554856743536,"epiphyte","elaher","E1"
"la_selva","elaphoglossum_herminieri",2,2,0.159,0.314465408805031,31.4465408805031,"epiphyte","elaher","E1"
"la_selva","elaphoglossum_herminieri",2,3,0.159,0.363382250174703,36.3382250174703,"epiphyte","elaher","E1"
"la_selva","elaphoglossum_herminieri",3,1,0.159,0.26554856743536,26.554856743536,"epiphyte","elaher","E1"
"la_selva","elaphoglossum_herminieri",3,2,0.159,0.26554856743536,26.554856743536,"epiphyte","elaher","E1"
"la_selva","elaphoglossum_herminieri",3,3,0.159,0.26554856743536,26.554856743536,"epiphyte","elaher","E1"
"la_selva","elaphoglossum_herminieri",4,1,0.159,0.286512928022362,28.6512928022362,"epiphyte","elaher","E1"
"la_selva","elaphoglossum_herminieri",4,2,0.159,0.268343815513627,26.8343815513627,"epiphyte","elaher","E1"
"la_selva","elaphoglossum_herminieri",4,3,0.159,0.39832285115304,39.832285115304,"epiphyte","elaher","E1"
"la_selva","elaphoglossum_herminieri",5,1,0.159,0.244584206848358,24.4584206848358,"epiphyte","elaher","E1"
"la_selva","elaphoglossum_herminieri",5,2,0.159,0.314465408805031,31.4465408805031,"epiphyte","elaher","E1"
"la_selva","elaphoglossum_herminieri",5,3,0.159,0.272536687631027,27.2536687631027,"epiphyte","elaher","E1"
"la_selva","elaphoglossum_herminieri",6,1,0.159,0.223619846261356,22.3619846261356,"epiphyte","elaher","E1"
"la_selva","elaphoglossum_herminieri",6,2,0.159,0.213836477987421,21.3836477987421,"epiphyte","elaher","E1"
"la_selva","elaphoglossum_herminieri",6,3,0.159,0.209643605870021,20.9643605870021,"epiphyte","elaher","E1"
"la_selva","elaphoglossum_latifolium",1,1,0.159,0.356394129979036,35.6394129979036,"epiphyte","elalat","E1"
"la_selva","elaphoglossum_latifolium",1,2,0.159,0.314465408805031,31.4465408805031,"epiphyte","elalat","E1"
"la_selva","elaphoglossum_latifolium",1,3,0.159,0.300489168413697,30.0489168413697,"epiphyte","elalat","E1"
"la_selva","elaphoglossum_latifolium",2,1,0.159,0.321453529000699,32.1453529000699,"epiphyte","elalat","E1"
"la_selva","elaphoglossum_latifolium",2,2,0.159,0.349406009783368,34.9406009783368,"epiphyte","elalat","E1"
"la_selva","elaphoglossum_latifolium",2,3,0.159,0.307477288609364,30.7477288609364,"epiphyte","elalat","E1"
"la_selva","elaphoglossum_latifolium",3,1,0.159,0.356394129979036,35.6394129979036,"epiphyte","elalat","E1"
"la_selva","elaphoglossum_latifolium",3,2,0.159,0.405310971348707,40.5310971348707,"epiphyte","elalat","E1"
"la_selva","elaphoglossum_latifolium",3,3,0.159,0.286512928022362,28.6512928022362,"epiphyte","elalat","E1"
"la_selva","elaphoglossum_latifolium",4,1,0.159,0.363382250174703,36.3382250174703,"epiphyte","elalat","E1"
"la_selva","elaphoglossum_latifolium",4,2,0.159,0.279524807826695,27.9524807826695,"epiphyte","elalat","E1"
"la_selva","elaphoglossum_latifolium",4,3,0.159,0.349406009783368,34.9406009783368,"epiphyte","elalat","E1"
"la_selva","elaphoglossum_latifolium",5,1,0.159,0.188679245283019,18.8679245283019,"epiphyte","elalat","E1"
"la_selva","elaphoglossum_latifolium",5,2,0.159,0.160726764500349,16.0726764500349,"epiphyte","elalat","E1"
"la_selva","elaphoglossum_latifolium",5,3,0.159,0.195667365478686,19.5667365478686,"epiphyte","elalat","E1"
"la_selva","elaphoglossum_latifolium",6,1,0.159,0.314465408805031,31.4465408805031,"epiphyte","elalat","E1"
"la_selva","elaphoglossum_latifolium",6,2,0.159,0.343815513626834,34.3815513626834,"epiphyte","elalat","E1"
"la_selva","elaphoglossum_latifolium",6,3,0.159,0.293501048218029,29.3501048218029,"epiphyte","elalat","E1"
"la_selva","goniopteris_curta",1,1,0.16,1.04166666666667,104.166666666667,"terrestrial","thecur","E2"
"la_selva","goniopteris_curta",1,2,0.16,1.20833333333333,120.833333333333,"terrestrial","thecur","E2"
"la_selva","goniopteris_curta",1,3,0.16,1.5,150,"terrestrial","thecur","E2"
"la_selva","goniopteris_curta",2,1,0.16,1.16666666666667,116.666666666667,"terrestrial","thecur","E2"
"la_selva","goniopteris_curta",2,2,0.16,1.08333333333333,108.333333333333,"terrestrial","thecur","E2"
"la_selva","goniopteris_curta",2,3,0.16,1.20833333333333,120.833333333333,"terrestrial","thecur","E2"
"la_selva","goniopteris_curta",3,1,0.16,1.45833333333333,145.833333333333,"terrestrial","thecur","E2"
"la_selva","goniopteris_curta",3,2,0.16,1.5,150,"terrestrial","thecur","E2"
"la_selva","goniopteris_curta",3,3,0.16,1.20833333333333,120.833333333333,"terrestrial","thecur","E2"
"la_selva","goniopteris_curta",4,1,0.16,0.958333333333333,95.8333333333333,"terrestrial","thecur","E2"
"la_selva","goniopteris_curta",4,2,0.16,1.1875,118.75,"terrestrial","thecur","E2"
"la_selva","goniopteris_curta",4,3,0.16,1,100,"terrestrial","thecur","E2"
"la_selva","goniopteris_curta",5,1,0.16,1.02083333333333,102.083333333333,"terrestrial","thecur","E2"
"la_selva","goniopteris_curta",5,2,0.16,1.04166666666667,104.166666666667,"terrestrial","thecur","E2"
"la_selva","goniopteris_curta",5,3,0.16,1.125,112.5,"terrestrial","thecur","E2"
"la_selva","goniopteris_curta",6,1,0.16,1.39583333333333,139.583333333333,"terrestrial","thecur","E2"
"la_selva","goniopteris_curta",6,2,0.16,1.375,137.5,"terrestrial","thecur","E2"
"la_selva","goniopteris_curta",6,3,0.16,1.41666666666667,141.666666666667,"terrestrial","thecur","E2"
"la_selva","goniopteris_nicaraguensis",1,1,0.166,1.24497991967871,124.497991967871,"terrestrial","thenic","E2"
"la_selva","goniopteris_nicaraguensis",1,2,0.166,1.74698795180723,174.698795180723,"terrestrial","thenic","E2"
"la_selva","goniopteris_nicaraguensis",1,3,0.166,1.11780455153949,111.780455153949,"terrestrial","thenic","E2"
"la_selva","goniopteris_nicaraguensis",2,1,0.166,1.13119143239625,113.119143239625,"terrestrial","thenic","E2"
"la_selva","goniopteris_nicaraguensis",2,2,0.166,1.08433734939759,108.433734939759,"terrestrial","thenic","E2"
"la_selva","goniopteris_nicaraguensis",2,3,0.166,1.18473895582329,118.473895582329,"terrestrial","thenic","E2"
"la_selva","goniopteris_nicaraguensis",3,1,0.166,0.930388219544846,93.0388219544846,"terrestrial","thenic","E2"
"la_selva","goniopteris_nicaraguensis",3,2,0.166,1.12449799196787,112.449799196787,"terrestrial","thenic","E2"
"la_selva","goniopteris_nicaraguensis",3,3,0.166,1.09103078982597,109.103078982597,"terrestrial","thenic","E2"
"la_selva","goniopteris_nicaraguensis",4,1,0.166,0.809906291834003,80.9906291834003,"terrestrial","thenic","E2"
"la_selva","goniopteris_nicaraguensis",4,2,0.166,0.836680053547523,83.6680053547523,"terrestrial","thenic","E2"
"la_selva","goniopteris_nicaraguensis",4,3,0.166,0.876840696117804,87.6840696117804,"terrestrial","thenic","E2"
"la_selva","goniopteris_nicaraguensis",5,1,0.166,1.11111111111111,111.111111111111,"terrestrial","thenic","E2"
"la_selva","goniopteris_nicaraguensis",5,2,0.166,1.25167336010709,125.167336010709,"terrestrial","thenic","E2"
"la_selva","goniopteris_nicaraguensis",5,3,0.166,1.15796519410977,115.796519410977,"terrestrial","thenic","E2"
"la_selva","goniopteris_nicaraguensis",6,1,0.166,1.09772423025435,109.772423025435,"terrestrial","thenic","E2"
"la_selva","goniopteris_nicaraguensis",6,2,0.166,1.16465863453815,116.465863453815,"terrestrial","thenic","E2"
"la_selva","goniopteris_nicaraguensis",6,3,0.166,1.16465863453815,116.465863453815,"terrestrial","thenic","E2"
"la_selva","lomariopsis_japurensis",1,1,0.16,0.291666666666667,29.1666666666667,"hemi-epiphyte","lomjap","E1"
"la_selva","lomariopsis_japurensis",1,2,0.16,0.333333333333333,33.3333333333333,"hemi-epiphyte","lomjap","E1"
"la_selva","lomariopsis_japurensis",1,3,0.16,0.263888888888889,26.3888888888889,"hemi-epiphyte","lomjap","E1"
"la_selva","lomariopsis_japurensis",2,1,0.16,0.333333333333333,33.3333333333333,"hemi-epiphyte","lomjap","E1"
"la_selva","lomariopsis_japurensis",2,2,0.16,0.402777777777778,40.2777777777778,"hemi-epiphyte","lomjap","E1"
"la_selva","lomariopsis_japurensis",2,3,0.16,0.354166666666667,35.4166666666667,"hemi-epiphyte","lomjap","E1"
"la_selva","lomariopsis_japurensis",3,1,0.16,0.444444444444444,44.4444444444444,"hemi-epiphyte","lomjap","E1"
"la_selva","lomariopsis_japurensis",3,2,0.16,0.340277777777778,34.0277777777778,"hemi-epiphyte","lomjap","E1"
"la_selva","lomariopsis_japurensis",3,3,0.16,0.326388888888889,32.6388888888889,"hemi-epiphyte","lomjap","E1"
"la_selva","lomariopsis_japurensis",4,1,0.16,0.333333333333333,33.3333333333333,"hemi-epiphyte","lomjap","E1"
"la_selva","lomariopsis_japurensis",4,2,0.16,0.4,40,"hemi-epiphyte","lomjap","E1"
"la_selva","lomariopsis_japurensis",4,3,0.16,0.395833333333333,39.5833333333333,"hemi-epiphyte","lomjap","E1"
"la_selva","lomariopsis_japurensis",5,1,0.16,0.284722222222222,28.4722222222222,"hemi-epiphyte","lomjap","E1"
"la_selva","lomariopsis_japurensis",5,2,0.16,0.3375,33.75,"hemi-epiphyte","lomjap","E1"
"la_selva","lomariopsis_japurensis",5,3,0.16,0.25,25,"hemi-epiphyte","lomjap","E1"
"la_selva","lomariopsis_japurensis",6,1,0.16,0.340277777777778,34.0277777777778,"hemi-epiphyte","lomjap","E1"
"la_selva","lomariopsis_japurensis",6,2,0.16,0.354166666666667,35.4166666666667,"hemi-epiphyte","lomjap","E1"
"la_selva","lomariopsis_japurensis",6,3,0.16,0.5,50,"hemi-epiphyte","lomjap","E1"
"la_selva","mickelia_nicotianifolia",1,1,0.166,0.160642570281124,16.0642570281125,"climber","micnic","E1"
"la_selva","mickelia_nicotianifolia",1,2,0.166,0.214190093708166,21.4190093708166,"climber","micnic","E1"
"la_selva","mickelia_nicotianifolia",1,3,0.166,0.234270414993307,23.4270414993307,"climber","micnic","E1"
"la_selva","mickelia_nicotianifolia",2,1,0.166,0.314591700133869,31.4591700133869,"climber","micnic","E1"
"la_selva","mickelia_nicotianifolia",2,2,0.166,0.214190093708166,21.4190093708166,"climber","micnic","E1"
"la_selva","mickelia_nicotianifolia",2,3,0.166,0.207496653279786,20.7496653279786,"climber","micnic","E1"
"la_selva","mickelia_nicotianifolia",3,1,0.166,0.214190093708166,21.4190093708166,"climber","micnic","E1"
"la_selva","mickelia_nicotianifolia",3,2,0.166,0.240963855421687,24.0963855421687,"climber","micnic","E1"
"la_selva","mickelia_nicotianifolia",3,3,0.166,0.187416331994645,18.7416331994645,"climber","micnic","E1"
"la_selva","mickelia_nicotianifolia",4,1,0.166,0.234270414993307,23.4270414993307,"climber","micnic","E1"
"la_selva","mickelia_nicotianifolia",4,2,0.166,0.240963855421687,24.0963855421687,"climber","micnic","E1"
"la_selva","mickelia_nicotianifolia",4,3,0.166,0.281124497991968,28.1124497991968,"climber","micnic","E1"
"la_selva","mickelia_nicotianifolia",5,1,0.166,0.127175368139224,12.7175368139224,"climber","micnic","E1"
"la_selva","mickelia_nicotianifolia",5,2,0.166,0.147255689424364,14.7255689424364,"climber","micnic","E1"
"la_selva","mickelia_nicotianifolia",5,3,0.166,0.147255689424364,14.7255689424364,"climber","micnic","E1"
"la_selva","mickelia_nicotianifolia",6,1,0.166,0.187416331994645,18.7416331994645,"climber","micnic","E1"
"la_selva","mickelia_nicotianifolia",6,2,0.166,0.21285140562249,21.285140562249,"climber","micnic","E1"
"la_selva","mickelia_nicotianifolia",6,3,0.166,0.240963855421687,24.0963855421687,"climber","micnic","E1"
"la_selva","nephrolepis_biserrata",1,1,0.159,0.419287211740042,41.9287211740042,"terrestrial","nepbis","E1"
"la_selva","nephrolepis_biserrata",1,2,0.159,0.412299091544375,41.2299091544375,"terrestrial","nepbis","E1"
"la_selva","nephrolepis_biserrata",1,3,0.159,0.447239692522711,44.7239692522711,"terrestrial","nepbis","E1"
"la_selva","nephrolepis_biserrata",2,1,0.159,0.587002096436059,58.7002096436059,"terrestrial","nepbis","E1"
"la_selva","nephrolepis_biserrata",2,2,0.159,0.677847658979734,67.7847658979734,"terrestrial","nepbis","E1"
"la_selva","nephrolepis_biserrata",2,3,0.159,0.573025856044724,57.3025856044724,"terrestrial","nepbis","E1"
"la_selva","nephrolepis_biserrata",3,1,0.159,0.545073375262054,54.5073375262054,"terrestrial","nepbis","E1"
"la_selva","nephrolepis_biserrata",3,2,0.159,0.461215932914046,46.1215932914046,"terrestrial","nepbis","E1"
"la_selva","nephrolepis_biserrata",3,3,0.159,0.363382250174703,36.3382250174703,"terrestrial","nepbis","E1"
"la_selva","nephrolepis_biserrata",6,1,0.159,0.447239692522711,44.7239692522711,"terrestrial","nepbis","E1"
"la_selva","nephrolepis_biserrata",6,2,0.159,0.561844863731656,56.1844863731656,"terrestrial","nepbis","E1"
"la_selva","nephrolepis_biserrata",6,3,0.159,0.482180293501048,48.2180293501048,"terrestrial","nepbis","E1"
"la_selva","nephrolepis_biserrata",8,1,0.159,0.517120894479385,51.7120894479385,"terrestrial","nepbis","E1"
"la_selva","nephrolepis_biserrata",8,2,0.159,0.549266247379455,54.9266247379455,"terrestrial","nepbis","E1"
"la_selva","nephrolepis_biserrata",8,3,0.159,0.587002096436059,58.7002096436059,"terrestrial","nepbis","E1"
"la_selva","nephrolepis_biserrata",9,1,0.159,0.489168413696716,48.9168413696716,"terrestrial","nepbis","E1"
"la_selva","nephrolepis_biserrata",9,2,0.159,0.587002096436059,58.7002096436059,"terrestrial","nepbis","E1"
"la_selva","nephrolepis_biserrata",9,3,0.159,0.517120894479385,51.7120894479385,"terrestrial","nepbis","E1"
"la_selva","nephrolepis_rivularis",1,1,0.159,0.384346610761705,38.4346610761705,"terrestrial","nepriv","E1"
"la_selva","nephrolepis_rivularis",1,2,0.159,0.356394129979036,35.6394129979036,"terrestrial","nepriv","E1"
"la_selva","nephrolepis_rivularis",1,3,0.159,0.342417889587701,34.2417889587701,"terrestrial","nepriv","E1"
"la_selva","nephrolepis_rivularis",2,1,0.159,0.307477288609364,30.7477288609364,"terrestrial","nepriv","E1"
"la_selva","nephrolepis_rivularis",2,2,0.159,0.321453529000699,32.1453529000699,"terrestrial","nepriv","E1"
"la_selva","nephrolepis_rivularis",2,3,0.159,0.37037037037037,37.037037037037,"terrestrial","nepriv","E1"
"la_selva","nephrolepis_rivularis",3,1,0.159,0.37037037037037,37.037037037037,"terrestrial","nepriv","E1"
"la_selva","nephrolepis_rivularis",3,2,0.159,0.37037037037037,37.037037037037,"terrestrial","nepriv","E1"
"la_selva","nephrolepis_rivularis",3,3,0.159,0.356394129979036,35.6394129979036,"terrestrial","nepriv","E1"
"la_selva","nephrolepis_rivularis",4,1,0.159,0.216631726065688,21.6631726065688,"terrestrial","nepriv","E1"
"la_selva","nephrolepis_rivularis",4,2,0.159,0.259958071278826,25.9958071278826,"terrestrial","nepriv","E1"
"la_selva","nephrolepis_rivularis",4,3,0.159,0.209643605870021,20.9643605870021,"terrestrial","nepriv","E1"
"la_selva","nephrolepis_rivularis",5,1,0.159,0.23759608665269,23.759608665269,"terrestrial","nepriv","E1"
"la_selva","nephrolepis_rivularis",5,2,0.159,0.268343815513627,26.8343815513627,"terrestrial","nepriv","E1"
"la_selva","nephrolepis_rivularis",5,3,0.159,0.167714884696017,16.7714884696017,"terrestrial","nepriv","E1"
"la_selva","nephrolepis_rivularis",6,1,0.159,0.356394129979036,35.6394129979036,"terrestrial","nepriv","E1"
"la_selva","nephrolepis_rivularis",6,2,0.159,0.37037037037037,37.037037037037,"terrestrial","nepriv","E1"
"la_selva","nephrolepis_rivularis",6,3,0.159,0.314465408805031,31.4465408805031,"terrestrial","nepriv","E1"
"la_selva","oleandra_articulata",1,1,0.166,1.3186077643909,131.86077643909,"epiphyte","oleart","E1"
"la_selva","oleandra_articulata",1,2,0.166,1.27175368139224,127.175368139224,"epiphyte","oleart","E1"
"la_selva","oleandra_articulata",1,3,0.166,1.11111111111111,111.111111111111,"epiphyte","oleart","E1"
"la_selva","oleandra_articulata",3,1,0.166,0.796519410977242,79.6519410977242,"epiphyte","oleart","E1"
"la_selva","oleandra_articulata",3,2,0.166,0.957161981258367,95.7161981258367,"epiphyte","oleart","E1"
"la_selva","oleandra_articulata",3,3,0.166,0.910307898259705,91.0307898259705,"epiphyte","oleart","E1"
"la_selva","oleandra_articulata",5,1,0.166,1.17135207496653,117.135207496653,"epiphyte","oleart","E1"
"la_selva","oleandra_articulata",5,2,0.166,1.03748326639893,103.748326639893,"epiphyte","oleart","E1"
"la_selva","oleandra_articulata",5,3,0.166,1.18473895582329,118.473895582329,"epiphyte","oleart","E1"
"la_selva","oleandra_articulata",6,1,0.166,1.21820615796519,121.820615796519,"epiphyte","oleart","E1"
"la_selva","oleandra_articulata",6,2,0.166,1.24497991967871,124.497991967871,"epiphyte","oleart","E1"
"la_selva","oleandra_articulata",6,3,0.166,1.31191432396252,131.191432396252,"epiphyte","oleart","E1"
"la_selva","oleandra_articulata",7,1,0.166,1.285140562249,128.5140562249,"epiphyte","oleart","E1"
"la_selva","oleandra_articulata",7,2,0.166,1.11111111111111,111.111111111111,"epiphyte","oleart","E1"
"la_selva","oleandra_articulata",7,3,0.166,1.17804551539491,117.804551539491,"epiphyte","oleart","E1"
"la_selva","pecluma_pectinata",1,1,0.159,0.328441649196366,32.8441649196366,"epiphyte","pecpec","E1"
"la_selva","pecluma_pectinata",1,2,0.159,0.349406009783368,34.9406009783368,"epiphyte","pecpec","E1"
"la_selva","pecluma_pectinata",1,3,0.159,0.342417889587701,34.2417889587701,"epiphyte","pecpec","E1"
"la_selva","pecluma_pectinata",2,1,0.159,0.335429769392034,33.5429769392034,"epiphyte","pecpec","E1"
"la_selva","pecluma_pectinata",2,2,0.159,0.321453529000699,32.1453529000699,"epiphyte","pecpec","E1"
"la_selva","pecluma_pectinata",2,3,0.159,0.342417889587701,34.2417889587701,"epiphyte","pecpec","E1"
"la_selva","pecluma_pectinata",3,1,0.159,0.335429769392034,33.5429769392034,"epiphyte","pecpec","E1"
"la_selva","pecluma_pectinata",3,2,0.159,0.384346610761705,38.4346610761705,"epiphyte","pecpec","E1"
"la_selva","pecluma_pectinata",3,3,0.159,0.328441649196366,32.8441649196366,"epiphyte","pecpec","E1"
"la_selva","pecluma_pectinata",4,1,0.159,0.356394129979036,35.6394129979036,"epiphyte","pecpec","E1"
"la_selva","pecluma_pectinata",4,2,0.159,0.30188679245283,30.188679245283,"epiphyte","pecpec","E1"
"la_selva","pecluma_pectinata",4,3,0.159,0.419287211740042,41.9287211740042,"epiphyte","pecpec","E1"
"la_selva","pecluma_pectinata",5,1,0.159,0.335429769392034,33.5429769392034,"epiphyte","pecpec","E1"
"la_selva","pecluma_pectinata",5,2,0.159,0.310272536687631,31.0272536687631,"epiphyte","pecpec","E1"
"la_selva","pecluma_pectinata",5,3,0.159,0.356394129979036,35.6394129979036,"epiphyte","pecpec","E1"
"la_selva","pecluma_pectinata",6,1,0.159,0.405310971348707,40.5310971348707,"epiphyte","pecpec","E1"
"la_selva","pecluma_pectinata",6,2,0.159,0.318658280922432,31.8658280922432,"epiphyte","pecpec","E1"
"la_selva","pecluma_pectinata",6,3,0.159,0.39832285115304,39.832285115304,"epiphyte","pecpec","E1"
"la_selva","phlebodium_aureum",1,1,2.57,0.352788586251621,35.2788586251621,"epiphyte","phlaur","E1"
"la_selva","phlebodium_aureum",1,2,2.57,0.383916990920882,38.3916990920882,"epiphyte","phlaur","E1"
"la_selva","phlebodium_aureum",1,3,2.57,0.428015564202335,42.8015564202335,"epiphyte","phlaur","E1"
"la_selva","phlebodium_aureum",2,1,2.57,0.413748378728924,41.3748378728923,"epiphyte","phlaur","E1"
"la_selva","phlebodium_aureum",2,2,2.57,0.377431906614786,37.7431906614786,"epiphyte","phlaur","E1"
"la_selva","phlebodium_aureum",2,3,2.57,0.380025940337224,38.0025940337224,"epiphyte","phlaur","E1"
"la_selva","phlebodium_aureum",3,1,2.57,0.508430609597925,50.8430609597925,"epiphyte","phlaur","E1"
"la_selva","phlebodium_aureum",3,2,2.57,0.530479896238651,53.0479896238651,"epiphyte","phlaur","E1"
"la_selva","phlebodium_aureum",3,3,2.57,0.551232166018158,55.1232166018158,"epiphyte","phlaur","E1"
"la_selva","phlebodium_aureum",4,1,2.57,0.477302204928664,47.7302204928664,"epiphyte","phlaur","E1"
"la_selva","phlebodium_aureum",4,2,2.57,0.424124513618677,42.4124513618677,"epiphyte","phlaur","E1"
"la_selva","phlebodium_aureum",4,3,2.57,0.394293125810636,39.4293125810636,"epiphyte","phlaur","E1"
"la_selva","phlebodium_aureum",5,1,2.57,0.416342412451362,41.6342412451362,"epiphyte","phlaur","E1"
"la_selva","phlebodium_aureum",5,2,2.57,0.495460440985733,49.5460440985733,"epiphyte","phlaur","E1"
"la_selva","phlebodium_aureum",5,3,2.57,0.342412451361868,34.2412451361868,"epiphyte","phlaur","E1"
"la_selva","phlebodium_aureum",6,1,2.57,0.430609597924773,43.0609597924773,"epiphyte","phlaur","E1"
"la_selva","phlebodium_aureum",6,2,2.57,0.443579766536965,44.3579766536965,"epiphyte","phlaur","E1"
"la_selva","phlebodium_aureum",6,3,2.57,0.444876783398184,44.4876783398184,"epiphyte","phlaur","E1"
"la_selva","phlebodium_aureum",7,1,2.57,0.470817120622568,47.0817120622568,"epiphyte","phlaur","E1"
"la_selva","phlebodium_aureum",7,2,2.57,0.422827496757458,42.2827496757458,"epiphyte","phlaur","E1"
"la_selva","phlebodium_aureum",7,3,2.57,0.395590142671855,39.5590142671855,"epiphyte","phlaur","E1"
"la_selva","phlebodium_aureum",8,1,2.57,0.300907911802853,30.0907911802853,"epiphyte","phlaur","E1"
"la_selva","phlebodium_aureum",8,2,2.57,0.260700389105058,26.0700389105058,"epiphyte","phlaur","E1"
"la_selva","phlebodium_aureum",8,3,2.57,0.303501945525292,30.3501945525292,"epiphyte","phlaur","E1"
"la_selva","pleopeltis_bradeorum",1,1,0.166,0.174029451137885,17.4029451137885,"hemi-epiphyte","plebra","E1"
"la_selva","pleopeltis_bradeorum",1,2,0.166,0.153949129852744,15.3949129852744,"hemi-epiphyte","plebra","E1"
"la_selva","pleopeltis_bradeorum",1,3,0.166,0.120481927710843,12.0481927710843,"hemi-epiphyte","plebra","E1"
"la_selva","pleopeltis_bradeorum",2,1,0.166,0.120481927710843,12.0481927710843,"hemi-epiphyte","plebra","E1"
"la_selva","pleopeltis_bradeorum",2,2,0.166,0.153949129852744,15.3949129852744,"hemi-epiphyte","plebra","E1"
"la_selva","pleopeltis_bradeorum",2,3,0.166,0.127175368139224,12.7175368139224,"hemi-epiphyte","plebra","E1"
"la_selva","pleopeltis_bradeorum",3,1,0.166,0.0937081659973226,9.37081659973226,"hemi-epiphyte","plebra","E1"
"la_selva","pleopeltis_bradeorum",3,2,0.166,0.107095046854083,10.7095046854083,"hemi-epiphyte","plebra","E1"
"la_selva","pleopeltis_bradeorum",3,3,0.166,0.0937081659973226,9.37081659973226,"hemi-epiphyte","plebra","E1"
"la_selva","pleopeltis_bradeorum",4,1,0.166,0.174029451137885,17.4029451137885,"hemi-epiphyte","plebra","E1"
"la_selva","pleopeltis_bradeorum",4,2,0.166,0.160642570281124,16.0642570281125,"hemi-epiphyte","plebra","E1"
"la_selva","pleopeltis_bradeorum",4,3,0.166,0.140562248995984,14.0562248995984,"hemi-epiphyte","plebra","E1"
"la_selva","pleopeltis_bradeorum",5,1,0.166,0.133868808567604,13.3868808567604,"hemi-epiphyte","plebra","E1"
"la_selva","pleopeltis_bradeorum",5,2,0.166,0.112449799196787,11.2449799196787,"hemi-epiphyte","plebra","E1"
"la_selva","pleopeltis_bradeorum",5,3,0.166,0.120481927710843,12.0481927710843,"hemi-epiphyte","plebra","E1"
"la_selva","pleopeltis_bradeorum",6,1,0.166,0.0937081659973226,9.37081659973226,"hemi-epiphyte","plebra","E1"
"la_selva","pleopeltis_bradeorum",6,2,0.166,0.14859437751004,14.859437751004,"hemi-epiphyte","plebra","E1"
"la_selva","pleopeltis_bradeorum",6,3,0.166,0.0803212851405622,8.03212851405622,"hemi-epiphyte","plebra","E1"
"la_selva","polybotrya_osmundacea",1,1,2.57,0.402075226977951,40.2075226977951,"climber","polosm","E1"
"la_selva","polybotrya_osmundacea",1,2,2.57,0.482490272373541,48.2490272373541,"climber","polosm","E1"
"la_selva","polybotrya_osmundacea",1,3,2.57,0.457846952010376,45.7846952010376,"climber","polosm","E1"
"la_selva","polybotrya_osmundacea",2,1,2.57,0.442282749675746,44.2282749675746,"climber","polosm","E1"
"la_selva","polybotrya_osmundacea",2,2,2.57,0.399481193255512,39.9481193255512,"climber","polosm","E1"
"la_selva","polybotrya_osmundacea",2,3,2.57,0.380025940337224,38.0025940337224,"climber","polosm","E1"
"la_selva","polybotrya_osmundacea",3,1,2.57,0.383916990920882,38.3916990920882,"climber","polosm","E1"
"la_selva","polybotrya_osmundacea",3,2,2.57,0.411154345006485,41.1154345006485,"climber","polosm","E1"
"la_selva","polybotrya_osmundacea",3,3,2.57,0.361867704280156,36.1867704280156,"climber","polosm","E1"
"la_selva","polybotrya_osmundacea",4,1,2.57,0.481193255512322,48.1193255512322,"climber","polosm","E1"
"la_selva","polybotrya_osmundacea",4,2,2.57,0.486381322957198,48.6381322957198,"climber","polosm","E1"
"la_selva","polybotrya_osmundacea",4,3,2.57,0.504539559014267,50.4539559014267,"climber","polosm","E1"
"la_selva","polybotrya_osmundacea",5,1,2.57,0.474708171206226,47.4708171206226,"climber","polosm","E1"
"la_selva","polybotrya_osmundacea",5,2,2.57,0.455252918287938,45.5252918287938,"climber","polosm","E1"
"la_selva","polybotrya_osmundacea",5,3,2.57,0.490272373540856,49.0272373540856,"climber","polosm","E1"
"la_selva","polybotrya_osmundacea",6,1,2.57,0.391699092088197,39.1699092088197,"climber","polosm","E1"
"la_selva","polybotrya_osmundacea",6,2,2.57,0.377431906614786,37.7431906614786,"climber","polosm","E1"
"la_selva","polybotrya_osmundacea",6,3,2.57,0.412451361867704,41.2451361867704,"climber","polosm","E1"
"la_selva","salpichlaena_volubilis",1,1,0.16,0.215277777777778,21.5277777777778,"terrestrial","salvol","E2"
"la_selva","salpichlaena_volubilis",1,2,0.16,0.138888888888889,13.8888888888889,"terrestrial","salvol","E2"
"la_selva","salpichlaena_volubilis",1,3,0.16,0.215277777777778,21.5277777777778,"terrestrial","salvol","E2"
"la_selva","salpichlaena_volubilis",2,1,0.16,0.243055555555556,24.3055555555556,"terrestrial","salvol","E2"
"la_selva","salpichlaena_volubilis",2,2,0.16,0.166666666666667,16.6666666666667,"terrestrial","salvol","E2"
"la_selva","salpichlaena_volubilis",2,3,0.16,0.201388888888889,20.1388888888889,"terrestrial","salvol","E2"
"la_selva","salpichlaena_volubilis",3,1,0.16,0.215277777777778,21.5277777777778,"terrestrial","salvol","E2"
"la_selva","salpichlaena_volubilis",3,2,0.16,0.270833333333333,27.0833333333333,"terrestrial","salvol","E2"
"la_selva","salpichlaena_volubilis",3,3,0.16,0.236111111111111,23.6111111111111,"terrestrial","salvol","E2"
"la_selva","salpichlaena_volubilis",4,1,0.16,0.229166666666667,22.9166666666667,"terrestrial","salvol","E2"
"la_selva","salpichlaena_volubilis",4,2,0.16,0.266666666666667,26.6666666666667,"terrestrial","salvol","E2"
"la_selva","salpichlaena_volubilis",4,3,0.16,0.291666666666667,29.1666666666667,"terrestrial","salvol","E2"
"la_selva","serpocaulon_loriciforme",4,1,0.16,0.472222222222222,47.2222222222222,"epiphyte","serlor","E1"
"la_selva","serpocaulon_loriciforme",4,2,0.16,0.604166666666667,60.4166666666667,"epiphyte","serlor","E1"
"la_selva","serpocaulon_loriciforme",4,3,0.16,0.604166666666667,60.4166666666667,"epiphyte","serlor","E1"
"la_selva","serpocaulon_loriciforme",5,1,0.16,0.534722222222222,53.4722222222222,"epiphyte","serlor","E1"
"la_selva","serpocaulon_loriciforme",5,2,0.16,0.479166666666667,47.9166666666667,"epiphyte","serlor","E1"
"la_selva","serpocaulon_loriciforme",5,3,0.16,0.458333333333333,45.8333333333333,"epiphyte","serlor","E1"
"la_selva","serpocaulon_loriciforme",6,1,0.16,0.340277777777778,34.0277777777778,"epiphyte","serlor","E1"
"la_selva","serpocaulon_loriciforme",6,2,0.16,0.368055555555556,36.8055555555556,"epiphyte","serlor","E1"
"la_selva","serpocaulon_loriciforme",6,3,0.16,0.465277777777778,46.5277777777778,"epiphyte","serlor","E1"
"la_selva","serpocaulon_loriciforme",9,1,0.16,0.409722222222222,40.9722222222222,"epiphyte","serlor","E1"
"la_selva","serpocaulon_loriciforme",9,2,0.16,0.409722222222222,40.9722222222222,"epiphyte","serlor","E1"
"la_selva","serpocaulon_loriciforme",9,3,0.16,0.513888888888889,51.3888888888889,"epiphyte","serlor","E1"
"la_selva","serpocaulon_loriciforme",10,1,0.16,0.347222222222222,34.7222222222222,"epiphyte","serlor","E1"
"la_selva","serpocaulon_loriciforme",10,2,0.16,0.430555555555556,43.0555555555556,"epiphyte","serlor","E1"
"la_selva","serpocaulon_loriciforme",10,3,0.16,0.354166666666667,35.4166666666667,"epiphyte","serlor","E1"
"la_selva","serpocaulon_loriciforme",12,1,0.16,0.430555555555556,43.0555555555556,"epiphyte","serlor","E1"
"la_selva","serpocaulon_loriciforme",12,2,0.16,0.491666666666667,49.1666666666667,"epiphyte","serlor","E1"
"la_selva","serpocaulon_loriciforme",12,3,0.16,0.541666666666667,54.1666666666667,"epiphyte","serlor","E1"
"la_selva","tectaria_incisa",1,1,0.166,0.622489959839357,62.2489959839357,"terrestrial","tecinc","E1"
"la_selva","tectaria_incisa",1,2,0.166,0.635876840696118,63.5876840696118,"terrestrial","tecinc","E1"
"la_selva","tectaria_incisa",1,3,0.166,0.622489959839357,62.2489959839357,"terrestrial","tecinc","E1"
"la_selva","tectaria_incisa",2,1,0.166,0.816599732262383,81.6599732262383,"terrestrial","tecinc","E1"
"la_selva","tectaria_incisa",2,2,0.166,1.03748326639893,103.748326639893,"terrestrial","tecinc","E1"
"la_selva","tectaria_incisa",2,3,0.166,1.00401606425703,100.401606425703,"terrestrial","tecinc","E1"
"la_selva","tectaria_incisa",3,1,0.159,1.37665967854647,137.665967854647,"terrestrial","tecinc","E1"
"la_selva","tectaria_incisa",3,2,0.159,1.25786163522013,125.786163522013,"terrestrial","tecinc","E1"
"la_selva","tectaria_incisa",3,3,0.159,1.3487071977638,134.87071977638,"terrestrial","tecinc","E1"
"la_selva","tectaria_incisa",4,1,0.159,1.18099231306778,118.099231306778,"terrestrial","tecinc","E1"
"la_selva","tectaria_incisa",4,2,0.159,1.13207547169811,113.207547169811,"terrestrial","tecinc","E1"
"la_selva","tectaria_incisa",4,3,0.159,0.978336827393431,97.8336827393431,"terrestrial","tecinc","E1"
"la_selva","tectaria_incisa",5,1,0.166,1.05756358768407,105.756358768407,"terrestrial","tecinc","E1"
"la_selva","tectaria_incisa",5,2,0.166,1.05756358768407,105.756358768407,"terrestrial","tecinc","E1"
"la_selva","tectaria_incisa",5,3,0.166,1.06425702811245,106.425702811245,"terrestrial","tecinc","E1"
"la_selva","tectaria_incisa",6,1,0.166,0.542168674698795,54.2168674698795,"terrestrial","tecinc","E1"
"la_selva","tectaria_incisa",6,2,0.166,0.550200803212851,55.0200803212851,"terrestrial","tecinc","E1"
"la_selva","tectaria_incisa",6,3,0.166,0.522088353413655,52.2088353413655,"terrestrial","tecinc","E1"
"las_cruces","asplenium_uniseriale",1,1,0.159,0.335429769392034,33.5429769392033,"terrestrial","aspuni","E2"
"las_cruces","asplenium_uniseriale",1,2,0.159,0.461215932914046,46.1215932914046,"terrestrial","aspuni","E2"
"las_cruces","asplenium_uniseriale",1,3,0.159,0.272536687631027,27.2536687631027,"terrestrial","aspuni","E2"
"las_cruces","asplenium_uniseriale",2,1,0.159,0.167714884696017,16.7714884696017,"terrestrial","aspuni","E2"
"las_cruces","asplenium_uniseriale",2,2,0.159,0.230607966457023,23.0607966457023,"terrestrial","aspuni","E2"
"las_cruces","asplenium_uniseriale",2,3,0.159,0.167714884696017,16.7714884696017,"terrestrial","aspuni","E2"
"las_cruces","asplenium_uniseriale",3,1,0.159,0.356394129979036,35.6394129979036,"terrestrial","aspuni","E2"
"las_cruces","asplenium_uniseriale",3,2,0.159,0.419287211740042,41.9287211740042,"terrestrial","aspuni","E2"
"las_cruces","asplenium_uniseriale",3,3,0.159,0.482180293501048,48.2180293501048,"terrestrial","aspuni","E2"
"las_cruces","asplenium_uniseriale",4,1,0.159,0.314465408805031,31.4465408805031,"terrestrial","aspuni","E2"
"las_cruces","asplenium_uniseriale",4,2,0.159,0.251572327044025,25.1572327044025,"terrestrial","aspuni","E2"
"las_cruces","asplenium_uniseriale",4,3,0.159,0.209643605870021,20.9643605870021,"terrestrial","aspuni","E2"
"las_cruces","asplenium_uniseriale",5,1,0.159,0.251572327044025,25.1572327044025,"terrestrial","aspuni","E2"
"las_cruces","asplenium_uniseriale",5,2,0.159,0.39832285115304,39.832285115304,"terrestrial","aspuni","E2"
"las_cruces","asplenium_uniseriale",5,3,0.159,0.39832285115304,39.832285115304,"terrestrial","aspuni","E2"
"las_cruces","asplenium_uniseriale",6,1,0.159,0.293501048218029,29.3501048218029,"terrestrial","aspuni","E2"
"las_cruces","asplenium_uniseriale",6,2,0.159,0.314465408805031,31.4465408805031,"terrestrial","aspuni","E2"
"las_cruces","asplenium_uniseriale",6,3,0.159,0.356394129979036,35.6394129979036,"terrestrial","aspuni","E2"
"las_cruces","diplazium_atirrense",1,1,0.159,0.566037735849057,56.6037735849057,"terrestrial","dipati","E2"
"las_cruces","diplazium_atirrense",1,2,0.159,0.461215932914046,46.1215932914046,"terrestrial","dipati","E2"
"las_cruces","diplazium_atirrense",1,3,0.159,0.461215932914046,46.1215932914046,"terrestrial","dipati","E2"
"las_cruces","diplazium_atirrense",2,1,0.159,0.628930817610063,62.8930817610063,"terrestrial","dipati","E2"
"las_cruces","diplazium_atirrense",2,2,0.159,0.566037735849057,56.6037735849057,"terrestrial","dipati","E2"
"las_cruces","diplazium_atirrense",2,3,0.159,0.419287211740042,41.9287211740042,"terrestrial","dipati","E2"
"las_cruces","diplazium_atirrense",3,1,0.159,0.482180293501048,48.2180293501048,"terrestrial","dipati","E2"
"las_cruces","diplazium_atirrense",3,2,0.159,0.545073375262054,54.5073375262054,"terrestrial","dipati","E2"
"las_cruces","diplazium_atirrense",3,3,0.159,0.607966457023061,60.7966457023061,"terrestrial","dipati","E2"
"las_cruces","diplazium_atirrense",4,1,0.159,0.587002096436059,58.7002096436059,"terrestrial","dipati","E2"
"las_cruces","diplazium_atirrense",4,2,0.159,0.607966457023061,60.7966457023061,"terrestrial","dipati","E2"
"las_cruces","diplazium_atirrense",4,3,0.159,0.545073375262054,54.5073375262054,"terrestrial","dipati","E2"
"las_cruces","diplazium_atirrense",5,1,0.159,0.461215932914046,46.1215932914046,"terrestrial","dipati","E2"
"las_cruces","diplazium_atirrense",5,2,0.159,0.587002096436059,58.7002096436059,"terrestrial","dipati","E2"
"las_cruces","diplazium_atirrense",5,3,0.159,0.649895178197065,64.9895178197065,"terrestrial","dipati","E2"
"las_cruces","diplazium_atirrense",6,1,0.159,0.775681341719078,77.5681341719078,"terrestrial","dipati","E2"
"las_cruces","diplazium_atirrense",6,2,0.159,0.79664570230608,79.664570230608,"terrestrial","dipati","E2"
"las_cruces","diplazium_atirrense",6,3,0.159,0.79664570230608,79.664570230608,"terrestrial","dipati","E2"
"las_cruces","diplazium_prominulum",1,1,0.159,0.838574423480084,83.8574423480084,"terrestrial","dippro","E2"
"las_cruces","diplazium_prominulum",1,2,0.159,0.566037735849057,56.6037735849057,"terrestrial","dippro","E2"
"las_cruces","diplazium_prominulum",1,3,0.159,0.79664570230608,79.664570230608,"terrestrial","dippro","E2"
"las_cruces","diplazium_prominulum",2,1,0.159,0.817610062893082,81.7610062893082,"terrestrial","dippro","E2"
"las_cruces","diplazium_prominulum",2,2,0.159,0.628930817610063,62.8930817610063,"terrestrial","dippro","E2"
"las_cruces","diplazium_prominulum",2,3,0.159,0.838574423480084,83.8574423480084,"terrestrial","dippro","E2"
"las_cruces","diplazium_prominulum",3,1,0.159,0.649895178197065,64.9895178197065,"terrestrial","dippro","E2"
"las_cruces","diplazium_prominulum",3,2,0.159,0.587002096436059,58.7002096436059,"terrestrial","dippro","E2"
"las_cruces","diplazium_prominulum",3,3,0.159,0.524109014675052,52.4109014675052,"terrestrial","dippro","E2"
"las_cruces","diplazium_prominulum",4,1,0.159,0.775681341719078,77.5681341719078,"terrestrial","dippro","E2"
"las_cruces","diplazium_prominulum",4,2,0.159,0.775681341719078,77.5681341719078,"terrestrial","dippro","E2"
"las_cruces","diplazium_prominulum",4,3,0.159,0.691823899371069,69.1823899371069,"terrestrial","dippro","E2"
"las_cruces","diplazium_prominulum",5,1,0.159,0.524109014675052,52.4109014675052,"terrestrial","dippro","E2"
"las_cruces","diplazium_prominulum",5,2,0.159,0.524109014675052,52.4109014675052,"terrestrial","dippro","E2"
"las_cruces","diplazium_prominulum",5,3,0.159,0.880503144654088,88.0503144654088,"terrestrial","dippro","E2"
"las_cruces","diplazium_prominulum",6,1,0.159,0.712788259958071,71.2788259958071,"terrestrial","dippro","E2"
"las_cruces","diplazium_prominulum",6,2,0.159,0.733752620545073,73.3752620545073,"terrestrial","dippro","E2"
"las_cruces","diplazium_prominulum",6,3,0.159,0.587002096436059,58.7002096436059,"terrestrial","dippro","E2"
"las_cruces","dryopteris_patula",1,1,0.159,0.985324947589098,98.5324947589098,"epiphyte","drypat","E1"
"las_cruces","dryopteris_patula",1,2,0.159,0.775681341719078,77.5681341719078,"epiphyte","drypat","E1"
"las_cruces","dryopteris_patula",1,3,0.159,0.859538784067086,85.9538784067086,"epiphyte","drypat","E1"
"las_cruces","dryopteris_patula",2,1,0.159,0.859538784067086,85.9538784067086,"epiphyte","drypat","E1"
"las_cruces","dryopteris_patula",2,2,0.159,0.859538784067086,85.9538784067086,"epiphyte","drypat","E1"
"las_cruces","dryopteris_patula",2,3,0.159,0.79664570230608,79.664570230608,"epiphyte","drypat","E1"
"las_cruces","dryopteris_patula",3,1,0.159,0.607966457023061,60.7966457023061,"epiphyte","drypat","E1"
"las_cruces","dryopteris_patula",3,2,0.159,0.524109014675052,52.4109014675052,"epiphyte","drypat","E1"
"las_cruces","dryopteris_patula",3,3,0.159,0.50314465408805,50.314465408805,"epiphyte","drypat","E1"
"las_cruces","dryopteris_patula",4,1,0.159,0.670859538784067,67.0859538784067,"epiphyte","drypat","E1"
"las_cruces","dryopteris_patula",4,2,0.159,0.79664570230608,79.664570230608,"epiphyte","drypat","E1"
"las_cruces","dryopteris_patula",4,3,0.159,0.607966457023061,60.7966457023061,"epiphyte","drypat","E1"
"las_cruces","dryopteris_patula",5,1,0.159,0.922431865828092,92.2431865828092,"epiphyte","drypat","E1"
"las_cruces","dryopteris_patula",5,2,0.159,0.628930817610063,62.8930817610063,"epiphyte","drypat","E1"
"las_cruces","dryopteris_patula",5,3,0.159,1.09014675052411,109.014675052411,"epiphyte","drypat","E1"
"las_cruces","dryopteris_patula",6,1,0.159,0.733752620545073,73.3752620545073,"epiphyte","drypat","E1"
"las_cruces","dryopteris_patula",6,2,0.159,0.817610062893082,81.7610062893082,"epiphyte","drypat","E1"
"las_cruces","dryopteris_patula",6,3,0.159,0.733752620545073,73.3752620545073,"epiphyte","drypat","E1"
"las_cruces","elaphoglossum_decursivum",1,1,0.159,0.230607966457023,23.0607966457023,"epiphyte","eladec","E1"
"las_cruces","elaphoglossum_decursivum",1,2,0.159,0.167714884696017,16.7714884696017,"epiphyte","eladec","E1"
"las_cruces","elaphoglossum_decursivum",1,3,0.159,0.167714884696017,16.7714884696017,"epiphyte","eladec","E1"
"las_cruces","elaphoglossum_decursivum",2,1,0.159,0.167714884696017,16.7714884696017,"epiphyte","eladec","E1"
"las_cruces","elaphoglossum_decursivum",2,2,0.159,0.209643605870021,20.9643605870021,"epiphyte","eladec","E1"
"las_cruces","elaphoglossum_decursivum",2,3,0.159,0.167714884696017,16.7714884696017,"epiphyte","eladec","E1"
"las_cruces","elaphoglossum_decursivum",3,1,0.159,0.10482180293501,10.482180293501,"epiphyte","eladec","E1"
"las_cruces","elaphoglossum_decursivum",3,2,0.159,0.230607966457023,23.0607966457023,"epiphyte","eladec","E1"
"las_cruces","elaphoglossum_decursivum",3,3,0.159,0.230607966457023,23.0607966457023,"epiphyte","eladec","E1"
"las_cruces","elaphoglossum_decursivum",4,1,0.159,0.146750524109015,14.6750524109015,"epiphyte","eladec","E1"
"las_cruces","elaphoglossum_decursivum",4,2,0.159,0.146750524109015,14.6750524109015,"epiphyte","eladec","E1"
"las_cruces","elaphoglossum_decursivum",4,3,0.159,0.230607966457023,23.0607966457023,"epiphyte","eladec","E1"
"las_cruces","elaphoglossum_decursivum",5,1,0.159,0.125786163522013,12.5786163522013,"epiphyte","eladec","E1"
"las_cruces","elaphoglossum_decursivum",5,2,0.159,0.146750524109015,14.6750524109015,"epiphyte","eladec","E1"
"las_cruces","elaphoglossum_decursivum",5,3,0.159,0.146750524109015,14.6750524109015,"epiphyte","eladec","E1"
"las_cruces","elaphoglossum_decursivum",6,1,0.159,0.125786163522013,12.5786163522013,"epiphyte","eladec","E1"
"las_cruces","elaphoglossum_decursivum",6,2,0.159,0.125786163522013,12.5786163522013,"epiphyte","eladec","E1"
"las_cruces","elaphoglossum_decursivum",6,3,0.159,0.230607966457023,23.0607966457023,"epiphyte","eladec","E1"
"las_cruces","lomariopsis_maxonii",1,1,0.159,0.440251572327044,44.0251572327044,"hemi-epiphyte","lommax","E1"
"las_cruces","lomariopsis_maxonii",1,2,0.159,0.482180293501048,48.2180293501048,"hemi-epiphyte","lommax","E1"
"las_cruces","lomariopsis_maxonii",1,3,0.159,0.545073375262054,54.5073375262054,"hemi-epiphyte","lommax","E1"
"las_cruces","lomariopsis_maxonii",2,1,0.159,0.419287211740042,41.9287211740042,"hemi-epiphyte","lommax","E1"
"las_cruces","lomariopsis_maxonii",2,2,0.159,0.356394129979036,35.6394129979036,"hemi-epiphyte","lommax","E1"
"las_cruces","lomariopsis_maxonii",2,3,0.159,0.293501048218029,29.3501048218029,"hemi-epiphyte","lommax","E1"
"las_cruces","lomariopsis_maxonii",3,1,0.159,0.419287211740042,41.9287211740042,"hemi-epiphyte","lommax","E1"
"las_cruces","lomariopsis_maxonii",3,2,0.159,0.377358490566038,37.7358490566038,"hemi-epiphyte","lommax","E1"
"las_cruces","lomariopsis_maxonii",3,3,0.159,0.356394129979036,35.6394129979036,"hemi-epiphyte","lommax","E1"
"las_cruces","lomariopsis_maxonii",4,1,0.159,0.628930817610063,62.8930817610063,"hemi-epiphyte","lommax","E1"
"las_cruces","lomariopsis_maxonii",4,2,0.159,0.607966457023061,60.7966457023061,"hemi-epiphyte","lommax","E1"
"las_cruces","lomariopsis_maxonii",4,3,0.159,0.587002096436059,58.7002096436059,"hemi-epiphyte","lommax","E1"
"las_cruces","lomariopsis_maxonii",5,1,0.159,0.39832285115304,39.832285115304,"hemi-epiphyte","lommax","E1"
"las_cruces","lomariopsis_maxonii",5,2,0.159,0.377358490566038,37.7358490566038,"hemi-epiphyte","lommax","E1"
"las_cruces","lomariopsis_maxonii",5,3,0.159,0.377358490566038,37.7358490566038,"hemi-epiphyte","lommax","E1"
"las_cruces","lomariopsis_maxonii",6,1,0.159,0.419287211740042,41.9287211740042,"hemi-epiphyte","lommax","E1"
"las_cruces","lomariopsis_maxonii",6,2,0.159,0.440251572327044,44.0251572327044,"hemi-epiphyte","lommax","E1"
"las_cruces","lomariopsis_maxonii",6,3,0.159,0.39832285115304,39.832285115304,"hemi-epiphyte","lommax","E1"
"las_cruces","nephrolepis_brownii",1,1,0.159,0.817610062893082,81.7610062893082,"terrestrial","nepbro","E1"
"las_cruces","nephrolepis_brownii",1,2,0.159,0.79664570230608,79.664570230608,"terrestrial","nepbro","E1"
"las_cruces","nephrolepis_brownii",1,3,0.159,0.649895178197065,64.9895178197065,"terrestrial","nepbro","E1"
"las_cruces","nephrolepis_brownii",2,1,0.159,0.50314465408805,50.314465408805,"terrestrial","nepbro","E1"
"las_cruces","nephrolepis_brownii",2,2,0.159,0.587002096436059,58.7002096436059,"terrestrial","nepbro","E1"
"las_cruces","nephrolepis_brownii",2,3,0.159,0.670859538784067,67.0859538784067,"terrestrial","nepbro","E1"
"las_cruces","nephrolepis_brownii",3,1,0.159,0.79664570230608,79.664570230608,"terrestrial","nepbro","E1"
"las_cruces","nephrolepis_brownii",3,2,0.159,0.754716981132076,75.4716981132076,"terrestrial","nepbro","E1"
"las_cruces","nephrolepis_brownii",3,3,0.159,0.817610062893082,81.7610062893082,"terrestrial","nepbro","E1"
"las_cruces","nephrolepis_brownii",4,1,0.159,0.566037735849057,56.6037735849057,"terrestrial","nepbro","E1"
"las_cruces","nephrolepis_brownii",4,2,0.159,0.628930817610063,62.8930817610063,"terrestrial","nepbro","E1"
"las_cruces","nephrolepis_brownii",4,3,0.159,0.649895178197065,64.9895178197065,"terrestrial","nepbro","E1"
"las_cruces","nephrolepis_brownii",5,1,0.159,0.733752620545073,73.3752620545073,"terrestrial","nepbro","E1"
"las_cruces","nephrolepis_brownii",5,2,0.159,0.712788259958071,71.2788259958071,"terrestrial","nepbro","E1"
"las_cruces","nephrolepis_brownii",5,3,0.159,0.607966457023061,60.7966457023061,"terrestrial","nepbro","E1"
"las_cruces","nephrolepis_brownii",6,1,0.159,0.566037735849057,56.6037735849057,"terrestrial","nepbro","E1"
"las_cruces","nephrolepis_brownii",6,2,0.159,0.524109014675052,52.4109014675052,"terrestrial","nepbro","E1"
"las_cruces","nephrolepis_brownii",6,3,0.159,0.545073375262054,54.5073375262054,"terrestrial","nepbro","E1"
"las_cruces","niphidium_crassifolium",1,1,0.159,0.440251572327044,44.0251572327044,"epiphyte","nipcra","E1"
"las_cruces","niphidium_crassifolium",1,2,0.159,0.39832285115304,39.832285115304,"epiphyte","nipcra","E1"
"las_cruces","niphidium_crassifolium",1,3,0.159,0.461215932914046,46.1215932914046,"epiphyte","nipcra","E1"
"las_cruces","niphidium_crassifolium",2,1,0.159,0.39832285115304,39.832285115304,"epiphyte","nipcra","E1"
"las_cruces","niphidium_crassifolium",2,2,0.159,0.419287211740042,41.9287211740042,"epiphyte","nipcra","E1"
"las_cruces","niphidium_crassifolium",2,3,0.159,0.293501048218029,29.3501048218029,"epiphyte","nipcra","E1"
"las_cruces","niphidium_crassifolium",3,1,0.159,0.670859538784067,67.0859538784067,"epiphyte","nipcra","E1"
"las_cruces","niphidium_crassifolium",3,2,0.159,0.587002096436059,58.7002096436059,"epiphyte","nipcra","E1"
"las_cruces","niphidium_crassifolium",3,3,0.159,0.733752620545073,73.3752620545073,"epiphyte","nipcra","E1"
"las_cruces","niphidium_crassifolium",4,1,0.159,0.461215932914046,46.1215932914046,"epiphyte","nipcra","E1"
"las_cruces","niphidium_crassifolium",4,2,0.159,0.440251572327044,44.0251572327044,"epiphyte","nipcra","E1"
"las_cruces","niphidium_crassifolium",4,3,0.159,0.50314465408805,50.314465408805,"epiphyte","nipcra","E1"
"las_cruces","niphidium_crassifolium",5,1,0.159,0.838574423480084,83.8574423480084,"epiphyte","nipcra","E1"
"las_cruces","niphidium_crassifolium",5,2,0.159,0.691823899371069,69.1823899371069,"epiphyte","nipcra","E1"
"las_cruces","niphidium_crassifolium",5,3,0.159,0.545073375262054,54.5073375262054,"epiphyte","nipcra","E1"
"las_cruces","niphidium_crassifolium",6,1,0.159,0.50314465408805,50.314465408805,"epiphyte","nipcra","E1"
"las_cruces","niphidium_crassifolium",6,2,0.159,0.50314465408805,50.314465408805,"epiphyte","nipcra","E1"
"las_cruces","niphidium_crassifolium",6,3,0.159,0.607966457023061,60.7966457023061,"epiphyte","nipcra","E1"
"las_cruces","oleandra_costaricensis",1,1,0.159,0.90146750524109,90.146750524109,"terrestrial","olecos","E1"
"las_cruces","oleandra_costaricensis",1,2,0.159,0.90146750524109,90.146750524109,"terrestrial","olecos","E1"
"las_cruces","oleandra_costaricensis",1,3,0.159,0.880503144654088,88.0503144654088,"terrestrial","olecos","E1"
"las_cruces","oleandra_costaricensis",2,1,0.159,0.838574423480084,83.8574423480084,"terrestrial","olecos","E1"
"las_cruces","oleandra_costaricensis",2,2,0.159,0.985324947589098,98.5324947589098,"terrestrial","olecos","E1"
"las_cruces","oleandra_costaricensis",2,3,0.159,0.838574423480084,83.8574423480084,"terrestrial","olecos","E1"
"las_cruces","oleandra_costaricensis",3,1,0.159,1.13207547169811,113.207547169811,"terrestrial","olecos","E1"
"las_cruces","oleandra_costaricensis",3,2,0.159,0.922431865828092,92.2431865828092,"terrestrial","olecos","E1"
"las_cruces","oleandra_costaricensis",3,3,0.159,1.0482180293501,104.82180293501,"terrestrial","olecos","E1"
"las_cruces","oleandra_costaricensis",4,1,0.159,1.13207547169811,113.207547169811,"terrestrial","olecos","E1"
"las_cruces","oleandra_costaricensis",4,2,0.159,1.15303983228512,115.303983228512,"terrestrial","olecos","E1"
"las_cruces","oleandra_costaricensis",4,3,0.159,1.27882599580713,127.882599580713,"terrestrial","olecos","E1"
"las_cruces","oleandra_costaricensis",5,1,0.159,0.880503144654088,88.0503144654088,"terrestrial","olecos","E1"
"las_cruces","oleandra_costaricensis",5,2,0.159,1.0272536687631,102.72536687631,"terrestrial","olecos","E1"
"las_cruces","oleandra_costaricensis",5,3,0.159,0.985324947589098,98.5324947589098,"terrestrial","olecos","E1"
"las_cruces","oleandra_costaricensis",6,1,0.159,0.964360587002096,96.4360587002096,"terrestrial","olecos","E1"
"las_cruces","oleandra_costaricensis",6,2,0.159,0.587002096436059,58.7002096436059,"terrestrial","olecos","E1"
"las_cruces","oleandra_costaricensis",6,3,0.159,0.775681341719078,77.5681341719078,"terrestrial","olecos","E1"
"las_cruces","olfersia_cervina",1,1,0.159,1.0272536687631,102.72536687631,"terrestrial","olfcer","E1"
"las_cruces","olfersia_cervina",1,2,0.159,0.985324947589098,98.5324947589098,"terrestrial","olfcer","E1"
"las_cruces","olfersia_cervina",1,3,0.159,0.838574423480084,83.8574423480084,"terrestrial","olfcer","E1"
"las_cruces","olfersia_cervina",2,1,0.159,1.09014675052411,109.014675052411,"terrestrial","olfcer","E1"
"las_cruces","olfersia_cervina",2,2,0.159,1.0272536687631,102.72536687631,"terrestrial","olfcer","E1"
"las_cruces","olfersia_cervina",2,3,0.159,0.985324947589098,98.5324947589098,"terrestrial","olfcer","E1"
"las_cruces","olfersia_cervina",3,1,0.159,1.0272536687631,102.72536687631,"terrestrial","olfcer","E1"
"las_cruces","olfersia_cervina",3,2,0.159,0.880503144654088,88.0503144654088,"terrestrial","olfcer","E1"
"las_cruces","olfersia_cervina",3,3,0.159,0.79664570230608,79.664570230608,"terrestrial","olfcer","E1"
"las_cruces","olfersia_cervina",4,1,0.159,0.79664570230608,79.664570230608,"terrestrial","olfcer","E1"
"las_cruces","olfersia_cervina",4,2,0.159,0.775681341719078,77.5681341719078,"terrestrial","olfcer","E1"
"las_cruces","olfersia_cervina",4,3,0.159,0.775681341719078,77.5681341719078,"terrestrial","olfcer","E1"
"las_cruces","olfersia_cervina",5,1,0.159,0.754716981132076,75.4716981132076,"terrestrial","olfcer","E1"
"las_cruces","olfersia_cervina",5,2,0.159,0.754716981132076,75.4716981132076,"terrestrial","olfcer","E1"
"las_cruces","olfersia_cervina",5,3,0.159,0.880503144654088,88.0503144654088,"terrestrial","olfcer","E1"
"las_cruces","olfersia_cervina",6,1,0.159,0.733752620545073,73.3752620545073,"terrestrial","olfcer","E1"
"las_cruces","olfersia_cervina",6,2,0.159,0.545073375262054,54.5073375262054,"terrestrial","olfcer","E1"
"las_cruces","olfersia_cervina",6,3,0.159,0.691823899371069,69.1823899371069,"terrestrial","olfcer","E1"
"las_cruces","parablechnum_schiedeanum",1,1,0.159,0.880503144654088,88.0503144654088,"terrestrial","blesch","E2"
"las_cruces","parablechnum_schiedeanum",1,2,0.159,0.859538784067086,85.9538784067086,"terrestrial","blesch","E2"
"las_cruces","parablechnum_schiedeanum",1,3,0.159,0.922431865828092,92.2431865828092,"terrestrial","blesch","E2"
"las_cruces","parablechnum_schiedeanum",2,1,0.159,0.838574423480084,83.8574423480084,"terrestrial","blesch","E2"
"las_cruces","parablechnum_schiedeanum",2,2,0.159,0.943396226415094,94.3396226415094,"terrestrial","blesch","E2"
"las_cruces","parablechnum_schiedeanum",2,3,0.159,1.0062893081761,100.62893081761,"terrestrial","blesch","E2"
"las_cruces","parablechnum_schiedeanum",3,1,0.159,1.06918238993711,106.918238993711,"terrestrial","blesch","E2"
"las_cruces","parablechnum_schiedeanum",3,2,0.159,1.11111111111111,111.111111111111,"terrestrial","blesch","E2"
"las_cruces","parablechnum_schiedeanum",3,3,0.159,1.17400419287212,117.400419287212,"terrestrial","blesch","E2"
"las_cruces","parablechnum_schiedeanum",4,1,0.159,0.838574423480084,83.8574423480084,"terrestrial","blesch","E2"
"las_cruces","parablechnum_schiedeanum",4,2,0.159,0.964360587002096,96.4360587002096,"terrestrial","blesch","E2"
"las_cruces","parablechnum_schiedeanum",4,3,0.159,0.880503144654088,88.0503144654088,"terrestrial","blesch","E2"
"las_cruces","parablechnum_schiedeanum",5,1,0.159,0.859538784067086,85.9538784067086,"terrestrial","blesch","E2"
"las_cruces","parablechnum_schiedeanum",5,2,0.159,0.859538784067086,85.9538784067086,"terrestrial","blesch","E2"
"las_cruces","parablechnum_schiedeanum",5,3,0.159,0.691823899371069,69.1823899371069,"terrestrial","blesch","E2"
"las_cruces","parablechnum_schiedeanum",6,1,0.159,0.922431865828092,92.2431865828092,"terrestrial","blesch","E2"
"las_cruces","parablechnum_schiedeanum",6,2,0.159,0.607966457023061,60.7966457023061,"terrestrial","blesch","E2"
"las_cruces","parablechnum_schiedeanum",6,3,0.159,0.817610062893082,81.7610062893082,"terrestrial","blesch","E2"
"las_cruces","parapolystichum_excultum",1,1,0.159,0.649895178197065,64.9895178197065,"terrestrial","parexc","E1"
"las_cruces","parapolystichum_excultum",1,2,0.159,0.566037735849057,56.6037735849057,"terrestrial","parexc","E1"
"las_cruces","parapolystichum_excultum",1,3,0.159,0.607966457023061,60.7966457023061,"terrestrial","parexc","E1"
"las_cruces","parapolystichum_excultum",2,1,0.159,0.587002096436059,58.7002096436059,"terrestrial","parexc","E1"
"las_cruces","parapolystichum_excultum",2,2,0.159,0.50314465408805,50.314465408805,"terrestrial","parexc","E1"
"las_cruces","parapolystichum_excultum",2,3,0.159,0.670859538784067,67.0859538784067,"terrestrial","parexc","E1"
"las_cruces","parapolystichum_excultum",3,1,0.159,0.670859538784067,67.0859538784067,"terrestrial","parexc","E1"
"las_cruces","parapolystichum_excultum",3,2,0.159,0.649895178197065,64.9895178197065,"terrestrial","parexc","E1"
"las_cruces","parapolystichum_excultum",3,3,0.159,0.419287211740042,41.9287211740042,"terrestrial","parexc","E1"
"las_cruces","parapolystichum_excultum",4,1,0.159,0.607966457023061,60.7966457023061,"terrestrial","parexc","E1"
"las_cruces","parapolystichum_excultum",4,2,0.159,0.524109014675052,52.4109014675052,"terrestrial","parexc","E1"
"las_cruces","parapolystichum_excultum",4,3,0.159,0.482180293501048,48.2180293501048,"terrestrial","parexc","E1"
"las_cruces","parapolystichum_excultum",5,1,0.159,0.587002096436059,58.7002096436059,"terrestrial","parexc","E1"
"las_cruces","parapolystichum_excultum",5,2,0.159,0.461215932914046,46.1215932914046,"terrestrial","parexc","E1"
"las_cruces","parapolystichum_excultum",5,3,0.159,0.691823899371069,69.1823899371069,"terrestrial","parexc","E1"
"las_cruces","parapolystichum_excultum",6,1,0.159,0.524109014675052,52.4109014675052,"terrestrial","parexc","E1"
"las_cruces","parapolystichum_excultum",6,2,0.159,0.607966457023061,60.7966457023061,"terrestrial","parexc","E1"
"las_cruces","parapolystichum_excultum",6,3,0.159,0.775681341719078,77.5681341719078,"terrestrial","parexc","E1"
"las_cruces","serpocaulon_fraxinifolium",1,1,0.159,0.712788259958071,71.2788259958071,"epiphyte","serfra","E1"
"las_cruces","serpocaulon_fraxinifolium",1,2,0.159,0.754716981132076,75.4716981132076,"epiphyte","serfra","E1"
"las_cruces","serpocaulon_fraxinifolium",1,3,0.159,0.649895178197065,64.9895178197065,"epiphyte","serfra","E1"
"las_cruces","serpocaulon_fraxinifolium",2,1,0.159,0.79664570230608,79.664570230608,"epiphyte","serfra","E1"
"las_cruces","serpocaulon_fraxinifolium",2,2,0.159,0.482180293501048,48.2180293501048,"epiphyte","serfra","E1"
"las_cruces","serpocaulon_fraxinifolium",2,3,0.159,0.587002096436059,58.7002096436059,"epiphyte","serfra","E1"
"las_cruces","serpocaulon_fraxinifolium",3,1,0.159,0.775681341719078,77.5681341719078,"epiphyte","serfra","E1"
"las_cruces","serpocaulon_fraxinifolium",3,2,0.159,0.649895178197065,64.9895178197065,"epiphyte","serfra","E1"
"las_cruces","serpocaulon_fraxinifolium",3,3,0.159,0.670859538784067,67.0859538784067,"epiphyte","serfra","E1"
"las_cruces","serpocaulon_fraxinifolium",4,1,0.159,0.859538784067086,85.9538784067086,"epiphyte","serfra","E1"
"las_cruces","serpocaulon_fraxinifolium",4,2,0.159,0.754716981132076,75.4716981132076,"epiphyte","serfra","E1"
"las_cruces","serpocaulon_fraxinifolium",4,3,0.159,0.985324947589098,98.5324947589098,"epiphyte","serfra","E1"
"las_cruces","serpocaulon_fraxinifolium",5,1,0.159,0.712788259958071,71.2788259958071,"epiphyte","serfra","E1"
"las_cruces","serpocaulon_fraxinifolium",5,2,0.159,0.587002096436059,58.7002096436059,"epiphyte","serfra","E1"
"las_cruces","serpocaulon_fraxinifolium",5,3,0.159,0.733752620545073,73.3752620545073,"epiphyte","serfra","E1"
"las_cruces","serpocaulon_fraxinifolium",6,1,0.159,0.545073375262054,54.5073375262054,"epiphyte","serfra","E1"
"las_cruces","serpocaulon_fraxinifolium",6,2,0.159,0.670859538784067,67.0859538784067,"epiphyte","serfra","E1"
"las_cruces","serpocaulon_fraxinifolium",6,3,0.159,0.524109014675052,52.4109014675052,"epiphyte","serfra","E1"
"las_cruces","serpocaulon_triseriale",1,1,0.159,0.587002096436059,58.7002096436059,"epiphyte","sertri","E1"
"las_cruces","serpocaulon_triseriale",1,2,0.159,0.587002096436059,58.7002096436059,"epiphyte","sertri","E1"
"las_cruces","serpocaulon_triseriale",1,3,0.159,0.607966457023061,60.7966457023061,"epiphyte","sertri","E1"
"las_cruces","serpocaulon_triseriale",2,1,0.159,0.377358490566038,37.7358490566038,"epiphyte","sertri","E1"
"las_cruces","serpocaulon_triseriale",2,2,0.159,0.419287211740042,41.9287211740042,"epiphyte","sertri","E1"
"las_cruces","serpocaulon_triseriale",2,3,0.159,0.356394129979036,35.6394129979036,"epiphyte","sertri","E1"
"las_cruces","serpocaulon_triseriale",3,1,0.159,0.461215932914046,46.1215932914046,"epiphyte","sertri","E1"
"las_cruces","serpocaulon_triseriale",3,2,0.159,0.482180293501048,48.2180293501048,"epiphyte","sertri","E1"
"las_cruces","serpocaulon_triseriale",3,3,0.159,0.50314465408805,50.314465408805,"epiphyte","sertri","E1"
"las_cruces","serpocaulon_triseriale",4,1,0.159,0.607966457023061,60.7966457023061,"epiphyte","sertri","E1"
"las_cruces","serpocaulon_triseriale",4,2,0.159,0.50314465408805,50.314465408805,"epiphyte","sertri","E1"
"las_cruces","serpocaulon_triseriale",4,3,0.159,0.440251572327044,44.0251572327044,"epiphyte","sertri","E1"
"las_cruces","serpocaulon_triseriale",5,1,0.159,0.419287211740042,41.9287211740042,"epiphyte","sertri","E1"
"las_cruces","serpocaulon_triseriale",5,2,0.159,0.524109014675052,52.4109014675052,"epiphyte","sertri","E1"
"las_cruces","serpocaulon_triseriale",5,3,0.159,0.607966457023061,60.7966457023061,"epiphyte","sertri","E1"
"las_cruces","serpocaulon_triseriale",6,1,0.159,0.607966457023061,60.7966457023061,"epiphyte","sertri","E1"
"las_cruces","serpocaulon_triseriale",6,2,0.159,0.712788259958071,71.2788259958071,"epiphyte","sertri","E1"
"las_cruces","serpocaulon_triseriale",6,3,0.159,0.628930817610063,62.8930817610063,"epiphyte","sertri","E1"
